po_number,po_approval_status,po_status,po_date,item_description,vendor_name,total_quantity,currency,po_total,
1,Approved,Closed,1-Jan-19,Rice - Jasmine Sented,Metz-Boehm,3,EUR,"6,107",
2,Approved,Closed,1-Jan-19,Rabbit - Saddles,Metz-Boehm,44,EUR,208,
3,Approved,Closed,4-Jan-19,"Coffee - Colombian, Portioned",Wehner-Kessler,12,EUR,"5,028",
4,Approved,Closed,10-Jan-19,Cake - Mini Potato Pancake,Gaylord-Bernhard,10,EUR,"6,970",
5,Approved,Closed,10-Jan-19,"Pasta - Rotini, Dry",Reichert-McGlynn,1,EUR,"7,758",
6,Approved,Closed,11-Jan-19,"Beef - Bones, Cut - Up",Rice and Sons,6,EUR,"2,344",
7,Approved,Closed,11-Jan-19,Chicken - White Meat With Tender,"Langworth, Kreiger and Hilpert",11,EUR,"5,175",
8,Approved,Closed,11-Jan-19,Flower - Commercial Bronze,"Wisoky, Brakus and Wilkinson",6,EUR,607,
9,Approved,Closed,12-Jan-19,English Muffin,Wehner-Kessler,6,EUR,45,
10,Approved,Closed,14-Jan-19,Basil - Fresh,Hand-Cummerata,2,EUR,"6,067",
11,Approved,Closed,14-Jan-19,Chips Potato Salt Vinegar 43g,Thiel-Labadie,7,EUR,"1,970",
12,Approved,Closed,16-Jan-19,Almonds Ground Blanched,Wehner-Kessler,5,EUR,"2,029",
13,Approved,Closed,16-Jan-19,Tea - Lemon Green Tea,Gaylord-Bernhard,50,EUR,"5,981",
14,Approved,Closed,19-Jan-19,Milk - 2% 250 Ml,"Greenholt, Cronin and Deckow",10,EUR,28,
15,Approved,Closed,21-Jan-19,Boogies,Rodriguez-McCullough,6,EUR,"2,823",
16,Approved,Closed,21-Jan-19,Beef - Shank,"Moen, Stark and Kuphal",44,EUR,"5,301",
17,Approved,Closed,22-Jan-19,Tomatoes Tear Drop,Watsica-Hirthe,5,EUR,380,
18,Approved,Closed,23-Jan-19,"Soup - French Onion, Dry","Aufderhar, Streich and Lynch",280,EUR,"5,777",
19,Approved,Closed,23-Jan-19,"C - Plus, Orange",Metz-Boehm,4,EUR,"7,232",
20,Approved,Closed,24-Jan-19,Parsley - Fresh,"Moen, Gottlieb and Blanda",3,EUR,"5,128",
21,Approved,Closed,24-Jan-19,"Roe - Lump Fish, Red",Gaylord-Bernhard,200,EUR,"7,876",
22,Approved,Closed,25-Jan-19,Crackers - Trio,Metz-Boehm,6,EUR,"1,375",
23,Approved,Closed,26-Jan-19,"Pork - Chop, Frenched","Emmerich, Upton and McDermott",1,EUR,"3,878",
24,Approved,Closed,26-Jan-19,Jolt Cola,"Eichmann, Fahey and Brakus",1,EUR,"5,845",
25,Approved,Closed,29-Jan-19,Sobe - Berry Energy,Nader and Sons,35,EUR,"7,401",
26,Approved,Closed,31-Jan-19,Multiple,"Greenholt, Cronin and Deckow",200,EUR,"2,769",
27,Approved,Closed,4-Feb-19,Chinese Foods - Chicken Wing,Turcotte Group,380,EUR,"5,076",
28,Approved,Closed,5-Feb-19,Wood Chips - Regular,Funk Inc,5,EUR,"5,583",
29,Approved,Closed,7-Feb-19,Grapefruit - White,Nader and Sons,100,EUR,"3,992",
30,Approved,Closed,9-Feb-19,Chicken Breast Wing On,Reichert-McGlynn,10,EUR,"2,168",
31,Approved,Closed,11-Feb-19,Lettuce - Treviso,Ullrich-Emard,250,EUR,"7,807",
32,Approved,Closed,14-Feb-19,"Rice Pilaf, Dry,package",Hand-Cummerata,20,EUR,"3,992",
33,Approved,Closed,16-Feb-19,Lettuce - Green Leaf,Jacobs LLC,10,EUR,"7,069",
34,Approved,Closed,18-Feb-19,Bread - Petit Baguette,"Jerde, Kshlerin and Goldner",2,EUR,669,
35,Approved,Closed,21-Feb-19,Flour - Rye,"Moen, Strosin and Greenholt",1000,EUR,"1,457",
36,Approved,Closed,25-Feb-19,Bouq All Italian - Primerba,Funk Inc,300,EUR,"1,667",
37,Approved,Closed,26-Feb-19,Lettuce - Sea / Sea Asparagus,Watsica-Hirthe,3,EUR,"1,285",
38,Approved,Closed,26-Feb-19,Scallops - Live In Shell,"Moen, Stark and Kuphal",6,EUR,"7,533",
39,Approved,Closed,26-Feb-19,Gelatine Powder,"Jerde, Kshlerin and Goldner",1,EUR,"5,917",
40,Approved,Closed,27-Feb-19,"Chocolate - Pistoles, Lactee, Milk","Aufderhar, Streich and Lynch",4,EUR,335,
41,Approved,Closed,28-Feb-19,Garlic - Peeled,Rice and Sons,200,EUR,"4,567",
42,Approved,Closed,2-Mar-19,Cake - French Pear Tart,Padberg-Rice,200,EUR,270,
43,Approved,Closed,3-Mar-19,"Veal - Chops, Split, Frenched","Aufderhar, Streich and Lynch",100,EUR,"3,001",
44,Approved,Closed,4-Mar-19,Coffee Cup 8oz 5338cd,Padberg-Rice,280,EUR,"3,591",
45,Approved,Closed,5-Mar-19,Beef Tenderloin Aaa,Rodriguez-McCullough,10,EUR,"5,442",
46,Approved,Closed,8-Mar-19,Cake Slab,Hane-Jenkins,80,EUR,"1,832",
47,Approved,Closed,10-Mar-19,Multiple,Hane-Jenkins,2.5,EUR,"6,948",
48,Approved,Closed,11-Mar-19,Currants,Reichert-McGlynn,1300,EUR,"5,519",
49,Approved,Closed,11-Mar-19,"Melon - Watermelon, Seedless",Marquardt-Kovacek,10,EUR,218,
50,Approved,Closed,16-Mar-19,Veal - Eye Of Round,"Moen, Gottlieb and Blanda",100,EUR,"4,339",
51,Approved,Closed,18-Mar-19,Multiple,Schuster Group,50,EUR,"6,369",
52,Approved,Closed,18-Mar-19,Multiple,"Emmerich, Upton and McDermott",7.5,EUR,"4,898",
53,Approved,Closed,19-Mar-19,Sprouts - Alfalfa,Turcotte Group,9,EUR,"2,863",
54,Approved,Closed,19-Mar-19,Turkey Tenderloin Frozen,Mills-Smith,176,EUR,656,
55,Approved,Closed,22-Mar-19,Browning Caramel Glace,"Aufderhar, Streich and Lynch",10,EUR,"7,902",
56,Approved,Closed,23-Mar-19,"Turkey - Breast, Boneless Sk On",Bartell Inc,1,EUR,"3,212",
57,Approved,Closed,23-Mar-19,Soup Bowl Clear 8oz92008,Stroman-Abbott,20,EUR,"1,625",
58,Approved,Closed,25-Mar-19,"Mushrooms - Black, Dried",Padberg-Rice,1,EUR,"2,238",
59,Approved,Closed,27-Mar-19,Pork - Shoulder,"Emmerich, Upton and McDermott",4,EUR,497,
60,Approved,Closed,27-Mar-19,Pepper - Chilli Seeds Mild,Quillan Wilkin,2,EUR,"5,892",
61,Approved,Closed,29-Mar-19,Flour - Pastry,Farrell and Sons,7,EUR,"7,805",
62,Approved,Closed,29-Mar-19,Coffee - Ristretto Coffee Capsule,"Langworth, Kreiger and Hilpert",1,EUR,"7,872",
63,Approved,Closed,31-Mar-19,"Hickory Smoke, Liquid",Bartell Inc,50,EUR,"2,817",
64,Approved,Closed,31-Mar-19,Ecolab - Mikroklene 4/4 L,"Emmerich, Upton and McDermott",4,EUR,"7,637",
65,Approved,Closed,1-Apr-19,Tumeric,Rice and Sons,200,EUR,"1,132",
66,Approved,Closed,3-Apr-19,Pork Ham Prager,Zulauf and Sons Inc,1,EUR,"7,017",
67,Approved,Closed,4-Apr-19,Puree - Guava,Wuckert LLC,10,EUR,"1,032",
68,Approved,Closed,5-Apr-19,Towel Dispenser,Mills-Smith,20,EUR,"1,115",
69,Approved,Closed,6-Apr-19,Multiple,Funk Inc,300,EUR,"4,154",
70,Approved,Closed,9-Apr-19,Multiple,Rodriguez-McCullough,13,EUR,"1,231",
71,Approved,Closed,9-Apr-19,Extract - Lemon,Schuster Group,10,EUR,"1,631",
72,Approved,Closed,10-Apr-19,Madeira,Schuster Group,2,EUR,"3,601",
73,Approved,Closed,10-Apr-19,"Spoon - Soup, Plastic",Reichert-McGlynn,9,EUR,"7,271",
74,Approved,Closed,12-Apr-19,"Doilies - 5, Paper",Dickens-Dare,5,EUR,"7,156",
75,Approved,Closed,12-Apr-19,"Rum - Dark, Bacardi, Black",Watsica-Hirthe,50,EUR,"4,871",
76,Approved,Closed,13-Apr-19,Multiple,"Emmerich, Upton and McDermott",300,EUR,"2,719",
77,Approved,Closed,14-Apr-19,"Capon - Breast, Double, Wing On",Wehner-Kessler,3,EUR,"6,919",
78,Approved,Closed,17-Apr-19,Muffin - Mix - Creme Brule 15l,Stroman-Abbott,40,EUR,"1,713",
79,Approved,Closed,21-Apr-19,Anchovy Fillets,Stroman-Abbott,21,EUR,"3,377",
80,Approved,Closed,23-Apr-19,Jicama,Watsica-Hirthe,5,EUR,"4,289",
81,Approved,Closed,23-Apr-19,Ecolab - Hand Soap Form Antibac,Farrell and Sons,15,EUR,"6,358",
82,Approved,Closed,24-Apr-19,Muffin Orange Individual,Thiel-Labadie,100,EUR,"4,042",
83,Approved,Closed,24-Apr-19,Dooleys Toffee,Hand-Cummerata,600,EUR,"3,542",
84,Approved,Closed,25-Apr-19,Sauce - Thousand Island,Ullrich-Emard,4,EUR,"6,114",
85,Approved,Closed,26-Apr-19,"Potatoes - Yukon Gold, 80 Ct",Turcotte Group,3,EUR,"3,868",
86,Approved,Closed,27-Apr-19,Island Oasis - Ice Cream Mix,"Aufderhar, Streich and Lynch",6,EUR,"2,549",
87,Approved,Closed,28-Apr-19,Isomalt,Schuster Group,100,EUR,"2,071",
88,Approved,Closed,29-Apr-19,Soup Campbells,Tillman and Sons,4,EUR,"1,982",
89,Approved,Closed,29-Apr-19,Tomatoes - Heirloom,"Eichmann, Fahey and Brakus",1,EUR,"7,447",
90,Approved,Closed,3-May-19,Sloe Gin - Mcguinness,Farrell and Sons,2,EUR,"5,736",
91,Approved,Closed,3-May-19,Liqueur - Melon,Ullrich-Emard,9,EUR,886,
92,Approved,Closed,4-May-19,"Pasta - Tortellini, Fresh",Jacobs LLC,50,EUR,"5,373",
93,Approved,Closed,5-May-19,Cheese - Feta,Hane-Jenkins,100,EUR,"6,580",
94,Approved,Closed,7-May-19,Soup - Campbells Pasta Fagioli,Bartell Inc,10,EUR,"3,554",
95,Approved,Closed,7-May-19,Salt - Kosher,"Wisoky, Brakus and Wilkinson",10,EUR,"6,516",
96,Approved,Closed,7-May-19,Multiple,"Eichmann, Fahey and Brakus",500,EUR,"6,172",
97,Approved,Closed,7-May-19,Longos - Chicken Caeser Salad,"Greenholt, Cronin and Deckow",2,EUR,"2,938",
98,Approved,Closed,10-May-19,French Pastry - Mini Chocolate,Tillman and Sons,100,EUR,341,
99,Approved,Closed,10-May-19,Lettuce - California Mix,"Gulgowski, Borer and Koelpin",30,EUR,"3,439",
100,Approved,Closed,12-May-19,Sauce - Cranberry,"Emmerich, Upton and McDermott",5,EUR,416,
101,Approved,Closed,14-May-19,Sobe - Cranberry Grapefruit,Hand-Cummerata,100,EUR,"5,139",
102,Approved,Closed,16-May-19,Table Cloth 54x54 White,Nader and Sons,128,EUR,"3,639",
103,Approved,Closed,17-May-19,Jerusalem Artichoke,Katrina Fells,20,EUR,"2,008",
104,Approved,Closed,19-May-19,Bread - Wheat Baguette,Stroman-Abbott,770,EUR,"5,747",
105,Approved,Closed,19-May-19,Flower - Dish Garden,Mills-Smith,500,EUR,"5,285",
106,Approved,Closed,19-May-19,Raspberries - Frozen,"Wisoky, Brakus and Wilkinson",100,EUR,"2,476",
107,Approved,Closed,20-May-19,Salami - Genova,"Eichmann, Fahey and Brakus",700,EUR,"5,960",
108,Approved,Closed,20-May-19,Mace,Metz-Boehm,15,EUR,218,
109,Approved,Closed,21-May-19,Pumpkin - Seed,Padberg-Towne,40,EUR,"4,071",
110,Approved,Closed,22-May-19,Godiva White Chocolate,"Langworth, Kreiger and Hilpert",18,EUR,"7,964",
111,Approved,Closed,24-May-19,Sobe - Lizard Fuel,Farrell and Sons,6,EUR,"7,351",
112,Approved,Closed,24-May-19,Dried Figs,Rodriguez-McCullough,24,EUR,"7,651",
113,Approved,Closed,25-May-19,Rabbit - Frozen,Padberg-Towne,35,EUR,"4,760",
114,Approved,Closed,27-May-19,Sauce - Salsa,Padberg-Rice,7,EUR,"4,253",
115,Approved,Closed,28-May-19,Salmon Steak - Cohoe 8 Oz,"Jerde, Kshlerin and Goldner",10,EUR,"5,332",
116,Approved,Closed,1-Jun-19,Multiple,Ortiz Inc,2,EUR,"5,529",
117,Approved,Closed,4-Jun-19,Versatainer Nc - 8288,"Moen, Strosin and Greenholt",10,EUR,"2,105",
118,Approved,Closed,4-Jun-19,"Olives - Green, Pitted",Ortiz Inc,380,EUR,"7,448",
119,Approved,Closed,6-Jun-19,Muffin Mix - Lemon Cranberry,Stroman-Abbott,5,EUR,"6,895",
120,Approved,Closed,6-Jun-19,Easy Off Oven Cleaner,Marquardt-Kovacek,50,EUR,"4,942",
121,Approved,Closed,7-Jun-19,"Pepsi - Diet, 355 Ml",Marquardt-Kovacek,40,EUR,"3,589",
122,Approved,Closed,7-Jun-19,Steel Wool S.o.s,Tillman and Sons,2,EUR,"5,914",
123,Approved,Closed,7-Jun-19,Chocolate - Chips Compound,Reichert-McGlynn,200,EUR,"1,803",
124,Approved,Closed,8-Jun-19,"Garlic - Primerba, Paste","Moen, Stark and Kuphal",33,EUR,"7,685",
125,Approved,Closed,9-Jun-19,Rice - Aborio,Stroman-Abbott,7.5,EUR,"7,773",
126,Approved,Closed,9-Jun-19,Bay Leaf Ground,Turcotte Group,2,EUR,"4,792",
127,Approved,Closed,10-Jun-19,Soup - Chicken And Wild Rice,"Wisoky, Brakus and Wilkinson",100,EUR,"5,027",
128,Approved,Closed,10-Jun-19,"Yogurt - Raspberry, 175 Gr",Farrell and Sons,20,EUR,"4,049",
129,Approved,Closed,13-Jun-19,Multiple,Rice and Sons,5,EUR,"2,390",
130,Approved,Closed,13-Jun-19,Honey - Comb,Wuckert LLC,1,EUR,883,
131,Approved,Closed,13-Jun-19,"Beef - Ox Tongue, Pickled",Bartell Inc,2.5,EUR,"1,915",
132,Approved,Closed,15-Jun-19,Pie Box - Cello Window 2.5,Hand-Cummerata,5,EUR,"1,213",
133,Approved,Closed,17-Jun-19,Onion Powder,Padberg-Rice,100,EUR,"4,833",
134,Approved,Closed,17-Jun-19,Vinegar - Champagne,Wehner-Kessler,3.2,EUR,"5,165",
135,Approved,Closed,17-Jun-19,Cumin - Ground,"Greenholt, Cronin and Deckow",3,EUR,"1,638",
136,Approved,Closed,18-Jun-19,"Flour - Bran, Red",Mills-Smith,50,EUR,"4,094",
137,Approved,Closed,21-Jun-19,Lamb - Whole Head Off,Jacobs LLC,26.5,EUR,"4,558",
138,Approved,Closed,21-Jun-19,Lamb - Bones,"Moen, Strosin and Greenholt",10,EUR,"7,494",
139,Approved,Closed,21-Jun-19,Clams - Canned,Ullrich-Emard,18,EUR,"5,838",
140,Approved,Closed,22-Jun-19,Table Cloth 53x69 White,Padberg-Rice,2,EUR,134,
141,Approved,Closed,22-Jun-19,"Nut - Almond, Blanched, Sliced",Rice and Sons,5,EUR,"6,850",
142,Approved,Closed,23-Jun-19,Sambuca - Ramazzotti,Ortiz Inc,54.5,EUR,"4,141",
143,Approved,Closed,23-Jun-19,Multiple,Padberg-Towne,30,EUR,"7,876",
144,Approved,Closed,24-Jun-19,Spice - Chili Powder Mexican,"Wisoky, Brakus and Wilkinson",5,EUR,"2,179",
145,Approved,Closed,24-Jun-19,Apples - Spartan,"Eichmann, Fahey and Brakus",4,EUR,"4,034",
146,Approved,Closed,25-Jun-19,Vinegar - Raspberry,Farrell and Sons,2,EUR,"7,852",
147,Approved,Closed,26-Jun-19,Cinnamon - Ground,"Langworth, Kreiger and Hilpert",54.5,EUR,"6,353",
148,Approved,Closed,26-Jun-19,Sauerkraut,Stroman-Abbott,9,EUR,"2,215",
149,Approved,Closed,28-Jun-19,Gloves - Goldtouch Disposable,Rice and Sons,1,EUR,"1,296",
150,Approved,Closed,29-Jun-19,Vinegar - Rice,Bartell Inc,5,EUR,"1,913",
151,Approved,Closed,29-Jun-19,Chocolate Eclairs,"Moen, Strosin and Greenholt",2,EUR,"3,711",
152,Approved,Closed,30-Jun-19,"Cheese - Cheddar, Old White",Dickens-Dare,1,EUR,"1,681",
153,Approved,Closed,1-Jul-19,Dried Apple,Padberg-Rice,3,EUR,943,
154,Approved,Closed,2-Jul-19,Pizza Pizza Dough,Nader and Sons,5,EUR,"6,354",
155,Approved,Closed,2-Jul-19,Beef - Kobe Striploin,Tillman and Sons,35,EUR,"5,972",
156,Approved,Closed,4-Jul-19,Oysters - Smoked,Reichert-McGlynn,50,EUR,"3,812",
157,Approved,Closed,5-Jul-19,Chocolate Bar - Coffee Crisp,Hand-Cummerata,60,EUR,"1,248",
158,Approved,Closed,5-Jul-19,Appetizer - Mango Chevre,Hand-Cummerata,5,EUR,"1,987",
159,Approved,Closed,6-Jul-19,Extract - Lemon,Funk Inc,15,EUR,"1,872",
160,Approved,Closed,11-Jul-19,Creme De Banane - Marie,Farrell and Sons,6,EUR,"1,577",
161,Approved,Closed,12-Jul-19,Triple Sec - Mcguinness,Funk Inc,30,EUR,"7,335",
162,Approved,Closed,12-Jul-19,Bowl 12 Oz - Showcase 92012,Nader and Sons,5,EUR,"2,112",
163,Approved,Closed,12-Jul-19,Pastry - Mini French Pastries,Wuckert LLC,64,EUR,"1,265",
164,Approved,Closed,13-Jul-19,Turnip - Mini,Gaylord-Bernhard,18,EUR,"4,739",
165,Approved,Closed,13-Jul-19,Vinegar - Tarragon,Mills-Smith,20,EUR,91,
166,Approved,Closed,13-Jul-19,Apples - Sliced / Wedge,Bechtelar LLC,6,EUR,"5,803",
167,Approved,Closed,14-Jul-19,Compound - Passion Fruit,Bartell Inc,200,EUR,"7,026",
168,Approved,Closed,14-Jul-19,Container Clear 8 Oz,Wuckert LLC,1000,EUR,"6,592",
169,Approved,Closed,15-Jul-19,Russian Prince,"Moen, Strosin and Greenholt",5,EUR,380,
170,Approved,Closed,18-Jul-19,Beef - Inside Round,Wuckert LLC,1,EUR,"6,129",
171,Approved,Closed,19-Jul-19,Multiple,"Langworth, Kreiger and Hilpert",10,EUR,"6,718",
172,Approved,Closed,20-Jul-19,"Iced Tea - Lemon, 460 Ml",Hane-Jenkins,200,EUR,"6,629",
173,Approved,Closed,22-Jul-19,"Shrimp - 16 - 20 Cooked, Peeled",Jacobs LLC,7,EUR,"1,264",
174,Approved,Closed,22-Jul-19,Eggplant Italian,Funk Inc,9,EUR,"7,184",
175,Approved,Closed,23-Jul-19,"Croissant, Raw - Mini",Farrell and Sons,1,EUR,"7,959",
176,Approved,Closed,24-Jul-19,Carrots - Jumbo,Wuckert LLC,10,EUR,"4,186",
177,Approved,Closed,25-Jul-19,Muffin - Mix - Mango Sour Cherry,Marquardt-Kovacek,20,EUR,"4,046",
178,Approved,Closed,26-Jul-19,Extract - Almond,Rice and Sons,30,EUR,"4,230",
179,Approved,Closed,28-Jul-19,The Pop Shoppe - Black Cherry,"Moen, Gottlieb and Blanda",6,EUR,"3,657",
180,Approved,Closed,28-Jul-19,Water - Aquafina Vitamin,Gaylord-Bernhard,34,EUR,"5,395",
181,Approved,Closed,29-Jul-19,Spice - Greek 1 Step,Gaylord-Bernhard,50,EUR,"7,078",
182,Approved,Closed,31-Jul-19,Soup - Campbells Chili Veg,Watsica-Hirthe,10,EUR,"6,724",
183,Approved,Closed,2-Aug-19,Compound - Mocha,Rice and Sons,60,EUR,"7,223",
184,Approved,Closed,2-Aug-19,Multiple,Bartell Inc,6,EUR,"7,305",
185,Approved,Closed,3-Aug-19,"Nut - Chestnuts, Whole",Nader and Sons,10,EUR,"3,666",
186,Approved,Closed,4-Aug-19,Quiche Assorted,Turcotte Group,100,EUR,"4,967",
187,Approved,Closed,4-Aug-19,Container - Hngd Cll Blk 7x7x3,Tillman and Sons,10,EUR,"5,216",
188,Approved,Closed,6-Aug-19,Eel - Smoked,Ullrich-Emard,700,EUR,970,
189,Approved,Closed,8-Aug-19,Bar Mix - Lime,Turcotte Group,5,EUR,"5,197",
190,Approved,Closed,8-Aug-19,Dc - Sakura Fu,"Jerde, Kshlerin and Goldner",150,EUR,"4,343",
191,Approved,Closed,9-Aug-19,Mix - Cappucino Cocktail,"Eichmann, Fahey and Brakus",80,EUR,"4,842",
192,Approved,Closed,10-Aug-19,Dill Weed - Fresh,"Greenholt, Cronin and Deckow",109,EUR,"1,608",
193,Approved,Closed,13-Aug-19,Cumin - Whole,Ortiz Inc,5,EUR,"2,034",
194,Approved,Closed,15-Aug-19,Sherry - Dry,Bechtelar LLC,100,EUR,"2,706",
195,Approved,Closed,16-Aug-19,"Pork - Butt, Boneless",Watsica-Hirthe,8,EUR,"5,557",
196,Approved,Closed,17-Aug-19,Pepper - Scotch Bonnet,"Gulgowski, Borer and Koelpin",15,EUR,"3,397",
197,Approved,Closed,18-Aug-19,Multiple,Farrell and Sons,11,EUR,"2,610",
198,Approved,Closed,18-Aug-19,Longos - Grilled Chicken With,"Wisoky, Brakus and Wilkinson",10000,EUR,"7,792",
199,Approved,Closed,21-Aug-19,Multiple,Farrell and Sons,80,EUR,"3,460",
200,Approved,Closed,21-Aug-19,Lettuce - Romaine,Thiel-Labadie,120,EUR,797,
201,Approved,Closed,24-Aug-19,Monkfish Fresh - Skin Off,Turcotte Group,100,EUR,"1,035",
202,Approved,Closed,24-Aug-19,"Bread - Bagels, Plain",Reichert-McGlynn,8,EUR,"1,085",
203,Approved,Closed,27-Aug-19,Tray - 16in Rnd Blk,Dickens-Dare,100,EUR,"2,269",
204,Approved,Closed,29-Aug-19,Onions - White,Marquardt-Kovacek,4,EUR,"2,821",
205,Approved,Closed,29-Aug-19,Pastry - Carrot Muffin - Mini,Stroman-Abbott,30,EUR,"1,468",
206,Approved,Closed,30-Aug-19,"Cheese - Havarti, Salsa",Stroman-Abbott,300,EUR,"4,393",
207,Approved,Closed,30-Aug-19,Bag - Clear 7 Lb,Wuckert LLC,5,EUR,"6,679",
208,Approved,Closed,31-Aug-19,Raspberries - Frozen,Mills-Smith,2,EUR,"7,673",
209,Approved,Closed,1-Sep-19,"Pepper - White, Whole","Langworth, Kreiger and Hilpert",50,EUR,"4,752",
210,Approved,Closed,5-Sep-19,Appetizer - Smoked Salmon / Dill,Turcotte Group,50,EUR,"4,655",
211,Approved,Closed,6-Sep-19,Multiple,Katrina Fells,12,EUR,"3,945",
212,Approved,Closed,7-Sep-19,"7up Diet, 355 Ml",Stroman-Abbott,1,EUR,"2,685",
213,Approved,Closed,8-Sep-19,Cheese - Ermite Bleu,"Moen, Gottlieb and Blanda",20,EUR,298,
214,Approved,Closed,8-Sep-19,Mousse - Passion Fruit,Bartell Inc,200,EUR,"3,855",
215,Approved,Closed,8-Sep-19,Multiple,"Moen, Gottlieb and Blanda",300,EUR,"7,167",
216,Approved,Closed,9-Sep-19,Ginger - Fresh,Ullrich-Emard,300,EUR,"2,768",
217,Approved,Closed,11-Sep-19,Coffee - Decaffeinato Coffee,Tillman and Sons,5,EUR,"4,464",
218,Approved,Closed,13-Sep-19,Milk - Homo,Padberg-Towne,2,EUR,"2,171",
219,Approved,Closed,13-Sep-19,Multiple,"Emmerich, Upton and McDermott",20,EUR,"4,532",
220,Approved,Closed,15-Sep-19,Ice Cream - Super Sandwich,"Emmerich, Upton and McDermott",6,EUR,871,
221,Approved,Closed,16-Sep-19,Chinese Foods - Thick Noodles,"Gulgowski, Borer and Koelpin",800,EUR,"5,930",
222,Approved,Closed,20-Sep-19,Godiva White Chocolate,Stroman-Abbott,5,EUR,"2,134",
223,Approved,Closed,20-Sep-19,Beef - Top Butt,Funk Inc,2,EUR,844,
224,Approved,Closed,21-Sep-19,Cinnamon Buns Sticky,"Eichmann, Fahey and Brakus",5,EUR,"4,244",
225,Approved,Closed,23-Sep-19,Napkin White,"Greenholt, Cronin and Deckow",1250,EUR,"7,884",
226,Approved,Closed,23-Sep-19,Halibut - Fletches,Wuckert LLC,2,EUR,530,
227,Approved,Closed,24-Sep-19,"C - Plus, Orange",Jacobs LLC,3,EUR,"4,643",
228,Approved,Closed,25-Sep-19,Oranges,Hane-Jenkins,10,EUR,"4,865",
229,Approved,Closed,25-Sep-19,Multiple,Stroman-Abbott,5,EUR,"5,518",
230,Approved,Closed,26-Sep-19,"Turnip - White, Organic",Dickens-Dare,40,EUR,"7,037",
231,Approved,Closed,27-Sep-19,Cumin - Whole,"Eichmann, Fahey and Brakus",100,EUR,"1,248",
232,Approved,Closed,27-Sep-19,Trout - Smoked,Farrell and Sons,6,EUR,"4,540",
233,Approved,Closed,28-Sep-19,Rabbit - Legs,Ullrich-Emard,7.5,EUR,"3,488",
234,Approved,Closed,1-Oct-19,Eggplant Italian,Ullrich-Emard,25,EUR,"6,654",
235,Approved,Closed,2-Oct-19,Multiple,Padberg-Towne,5,EUR,"5,479",
236,Approved,Closed,2-Oct-19,Multiple,"Emmerich, Upton and McDermott",200,EUR,"4,418",
237,Approved,Closed,2-Oct-19,Coffee - Decafenated,Padberg-Rice,50,EUR,442,
238,Approved,Closed,6-Oct-19,Flavouring - Rum,Stroman-Abbott,7,EUR,"6,434",
239,Approved,Closed,8-Oct-19,Bread Bowl Plain,Rodriguez-McCullough,10,EUR,"2,321",
240,Approved,Closed,9-Oct-19,Cranberries - Fresh,"Eichmann, Fahey and Brakus",10,EUR,840,
241,Approved,Closed,9-Oct-19,Garlic,Thiel-Labadie,1,EUR,"3,556",
242,Approved,Closed,10-Oct-19,Orange Roughy 6/8 Oz,Upton-Kunde,100,EUR,"3,928",
243,Approved,Closed,13-Oct-19,"Oil - Food, Lacquer Spray",Ullrich-Emard,42,EUR,"5,237",
244,Approved,Closed,14-Oct-19,Lettuce - Baby Salad Greens,"Eichmann, Fahey and Brakus",2,EUR,"3,086",
245,Approved,Closed,14-Oct-19,Sole - Iqf,Hane-Jenkins,5,EUR,"2,390",
246,Approved,Closed,16-Oct-19,Bread - Flat Bread,Thiel-Labadie,2,EUR,"5,106",
247,Approved,Closed,19-Oct-19,"Pasta - Orzo, Dry",Watsica-Hirthe,25,EUR,"3,700",
248,Approved,Closed,22-Oct-19,Daikon Radish,Wehner-Kessler,20,EUR,"3,933",
249,Approved,Closed,22-Oct-19,Shortbread - Cookie Crumbs,Jacobs LLC,60,EUR,"2,585",
250,Approved,Closed,22-Oct-19,Pears - Fiorelle,"Moen, Strosin and Greenholt",1,EUR,"4,165",
251,Approved,Closed,23-Oct-19,Coffee - Decafenated,Bechtelar LLC,200,EUR,"6,017",
252,Approved,Closed,23-Oct-19,Extract - Lemon,Ortiz Inc,15,EUR,"2,309",
253,Approved,Closed,26-Oct-19,Beef Ground Medium,Hand-Cummerata,5,EUR,"7,114",
254,Approved,Closed,26-Oct-19,Gingerale - Diet - Schweppes,Quillan Wilkin,1,EUR,584,
255,Approved,Closed,29-Oct-19,Tomatoes - Heirloom,"Aufderhar, Streich and Lynch",7.5,EUR,222,
256,Approved,Closed,30-Oct-19,"Iced Tea - Lemon, 340ml",Tillman and Sons,38,EUR,"2,766",
257,Approved,Closed,30-Oct-19,Multiple,Bartell Inc,12,EUR,"6,478",
258,Approved,Closed,30-Oct-19,Table Cloth 53x69 White,Turcotte Group,2.5,EUR,"1,319",
259,Approved,Closed,31-Oct-19,Pastry - Apple Muffins - Mini,"Langworth, Kreiger and Hilpert",100,EUR,"5,640",
260,Approved,Closed,3-Nov-19,Shortbread - Cookie Crumbs,Padberg-Towne,1,EUR,"6,942",
261,Approved,Closed,3-Nov-19,Appetizer - Southwestern,"Moen, Strosin and Greenholt",6,EUR,"2,333",
262,Approved,Closed,4-Nov-19,Orange Roughy 6/8 Oz,Jacobs LLC,500,EUR,760,
263,Approved,Closed,4-Nov-19,Foil - 4oz Custard Cup,"Moen, Gottlieb and Blanda",5,EUR,"2,770",
264,Approved,Closed,5-Nov-19,Raspberries - Frozen,Rice and Sons,1,EUR,"3,502",
265,Approved,Closed,6-Nov-19,Steel Wool S.o.s,Bechtelar LLC,30,EUR,528,
266,Approved,Closed,7-Nov-19,Toothpick Frilled,Ortiz Inc,176,EUR,"5,285",
267,Approved,Closed,7-Nov-19,Sobe - Cranberry Grapefruit,Farrell and Sons,2,EUR,"6,873",
268,Approved,Closed,7-Nov-19,Pepper - Orange,Thiel-Labadie,30,EUR,"3,851",
269,Approved,Closed,8-Nov-19,Cocoa Feuilletine,Nader and Sons,10,EUR,"2,314",
270,Approved,Closed,11-Nov-19,Soup Campbells Split Pea And Ham,Metz-Boehm,10,EUR,"5,304",
271,Approved,Closed,13-Nov-19,Ostrich - Fan Fillet,Watsica-Hirthe,200,EUR,"2,666",
272,Approved,Closed,14-Nov-19,Kiwano,Schuster Group,2,EUR,"3,065",
273,Approved,Closed,15-Nov-19,"Soup - Clam Chowder, Dry Mix",Marquardt-Kovacek,10,EUR,765,
274,Approved,Closed,15-Nov-19,Bagels Poppyseed,"Langworth, Kreiger and Hilpert",1,EUR,"3,271",
275,Approved,Closed,16-Nov-19,Yogurt - Plain,Ortiz Inc,3.5,EUR,"6,148",
276,Approved,Closed,16-Nov-19,Sugar - Icing,"Emmerich, Upton and McDermott",40,EUR,"2,071",
277,Approved,Closed,17-Nov-19,Soup Campbells - Tomato Bisque,Watsica-Hirthe,50,EUR,"6,463",
278,Approved,Closed,18-Nov-19,Mushroom - White Button,Watsica-Hirthe,1,EUR,"4,552",
279,Approved,Closed,20-Nov-19,Flavouring - Rum,Rodriguez-McCullough,100,EUR,"5,506",
280,Approved,Closed,22-Nov-19,Wiberg Cure,Gaylord-Bernhard,5,EUR,"7,998",
281,Approved,Closed,23-Nov-19,Milkettes - 2%,Wuckert LLC,1,EUR,"1,940",
282,Approved,Closed,24-Nov-19,Flavouring - Orange,Turcotte Group,55,EUR,"4,895",
283,Approved,Closed,24-Nov-19,Multiple,"Moen, Stark and Kuphal",5,EUR,"3,348",
284,Approved,Closed,24-Nov-19,Cod - Fillets,Upton-Kunde,18,EUR,"3,069",
285,Approved,Closed,25-Nov-19,"Fish - Atlantic Salmon, Cold",Marquardt-Kovacek,1,EUR,586,
286,Approved,Closed,26-Nov-19,Multiple,Hand-Cummerata,25,EUR,"5,854",
287,Approved,Closed,26-Nov-19,Multiple,Bartell Inc,3,EUR,"5,157",
288,Approved,Closed,28-Nov-19,Olives - Morracan Dired,"Langworth, Kreiger and Hilpert",7.5,EUR,"6,755",
289,Approved,Closed,29-Nov-19,Extract - Almond,"Aufderhar, Streich and Lynch",1,EUR,"2,394",
290,Approved,Closed,1-Dec-19,Coffee - Decafenated,"Moen, Stark and Kuphal",10,EUR,"1,103",
291,Approved,Closed,2-Dec-19,Creme De Cacao White,Upton-Kunde,80,EUR,"4,183",
292,Approved,Closed,3-Dec-19,Tequila - Sauza Silver,Wuckert LLC,10,EUR,"1,792",
293,Approved,Closed,3-Dec-19,Rice - Wild,Tillman and Sons,1,EUR,770,
294,Approved,Closed,8-Dec-19,Juice Peach Nectar,Dickens-Dare,5,EUR,"2,995",
295,Approved,Closed,9-Dec-19,Juice - Lime,"Wisoky, Brakus and Wilkinson",5,EUR,"2,978",
296,Approved,Closed,11-Dec-19,Multiple,Wehner-Kessler,30,EUR,797,
297,Approved,Closed,11-Dec-19,Tray - 16in Rnd Blk,"Moen, Stark and Kuphal",4,EUR,"1,453",
298,Approved,Closed,11-Dec-19,Vaccum Bag 10x13,Ullrich-Emard,200,EUR,"3,516",
299,Approved,Closed,12-Dec-19,Puree - Guava,Schuster Group,30,EUR,"7,121",
300,Approved,Closed,12-Dec-19,Pancetta,Hane-Jenkins,5,EUR,"4,002",
301,Approved,Closed,14-Dec-19,Paste - Black Olive,Gaylord-Bernhard,1,EUR,"7,686",
302,Approved,Closed,14-Dec-19,Sugar Thermometer,Thiel-Labadie,50,EUR,"7,626",
303,Approved,Closed,15-Dec-19,Cornflakes,Upton-Kunde,2,EUR,"5,022",
304,Approved,Closed,17-Dec-19,Goldschalger,"Jerde, Kshlerin and Goldner",2100,EUR,"4,753",
305,Approved,Closed,18-Dec-19,Mortadella,Ortiz Inc,5,EUR,"4,485",
306,Approved,Closed,18-Dec-19,Sea Bass - Whole,"Eichmann, Fahey and Brakus",50,EUR,604,
307,Approved,Closed,20-Dec-19,Flounder - Fresh,Metz-Boehm,15,EUR,"7,383",
308,Approved,Closed,24-Dec-19,Oil - Sesame,Bartell Inc,20,EUR,964,
309,Approved,Closed,24-Dec-19,Spice - Paprika,Funk Inc,5,EUR,"5,535",
310,Approved,Closed,25-Dec-19,Shortbread - Cookie Crumbs,Jacobs LLC,15,EUR,"3,717",
311,Approved,Closed,26-Dec-19,Table Cloth 54x72 White,Bechtelar LLC,1,EUR,"5,824",
312,Approved,Closed,26-Dec-19,Seabream Whole Farmed,"Moen, Gottlieb and Blanda",10,EUR,"4,142",
313,Approved,Closed,27-Dec-19,Soap - Pine Sol Floor Cleaner,Schuster Group,500,EUR,"5,989",
314,Approved,Closed,27-Dec-19,Cheese - Colby,Metz-Boehm,20,EUR,"7,199",
315,Approved,Closed,28-Dec-19,"Soup - Campbells, Classic Chix",Dickens-Dare,2,EUR,"1,876",
316,Approved,Closed,29-Dec-19,"Lemonade - Strawberry, 591 Ml",Dickens-Dare,10,EUR,"2,006",
317,Approved,Closed,30-Dec-19,Foam Cup 6 Oz,"Gulgowski, Borer and Koelpin",6,EUR,"6,057",
318,Approved,Closed,31-Dec-19,Oil - Hazelnut,Reichert-McGlynn,5,EUR,"6,890",
319,Approved,Closed,31-Dec-19,"Soup - Campbells, Chix Gumbo","Moen, Gottlieb and Blanda",10,EUR,"7,083",
320,Approved,Closed,3-Jan-20,"Nut - Hazelnut, Ground, Natural",Ortiz Inc,6,EUR,"7,353",
321,Approved,Closed,4-Jan-20,Mussels - Cultivated,Tillman and Sons,6,EUR,"6,339",
322,Approved,Closed,4-Jan-20,Sausage - Chorizo,Padberg-Towne,18,EUR,"7,219",
323,Approved,Closed,5-Jan-20,Marzipan 50/50,Marquardt-Kovacek,160,EUR,"3,401",
324,Approved,Closed,6-Jan-20,Skirt - 24 Foot,"Greenholt, Cronin and Deckow",1,EUR,"7,333",
325,Approved,Closed,6-Jan-20,Crackers - Water,Rodriguez-McCullough,10,EUR,"1,410",
326,Approved,Closed,7-Jan-20,Lamb - Rack,Bechtelar LLC,75,EUR,"5,944",
327,Approved,Closed,7-Jan-20,Lid Coffeecup 12oz D9542b,Schuster Group,20,EUR,"3,653",
328,Approved,Closed,11-Jan-20,Lettuce - California Mix,"Eichmann, Fahey and Brakus",9,EUR,"7,546",
329,Approved,Closed,12-Jan-20,Cheese - Parmesan Grated,Jacobs LLC,20,EUR,"2,829",
330,Approved,Closed,14-Jan-20,Lid - 16 Oz And 32 Oz,Padberg-Rice,55,EUR,"4,152",
331,Approved,Closed,16-Jan-20,Longan,Schuster Group,2,EUR,"1,125",
332,Approved,Closed,18-Jan-20,Bread - Kimel Stick Poly,"Aufderhar, Streich and Lynch",2,EUR,990,
333,Approved,Closed,18-Jan-20,Squid - U - 10 Thailand,"Jerde, Kshlerin and Goldner",12,EUR,"5,362",
334,Approved,Closed,19-Jan-20,Sour Puss - Tangerine,Wuckert LLC,150,EUR,"5,634",
335,Approved,Closed,22-Jan-20,"Pork - Back, Short Cut, Boneless",Katrina Fells,200,EUR,42,
336,Approved,Closed,22-Jan-20,Oregano - Fresh,"Gulgowski, Borer and Koelpin",12,EUR,"3,839",
337,Approved,Closed,22-Jan-20,Table Cloth 54x54 Colour,Marquardt-Kovacek,100,EUR,"4,843",
338,Approved,Closed,23-Jan-20,Remy Red Berry Infusion,Turcotte Group,20,EUR,"4,298",
339,Approved,Closed,23-Jan-20,Multiple,Padberg-Rice,100,EUR,"5,569",
340,Approved,Closed,24-Jan-20,Multiple,Upton-Kunde,3,EUR,"5,400",
341,Approved,Closed,24-Jan-20,Rum - Mount Gay Eclipes,Mills-Smith,10,EUR,"2,752",
342,Approved,Closed,25-Jan-20,Calypso - Lemonade,Wuckert LLC,5,EUR,"3,818",
343,Approved,Closed,27-Jan-20,Ginger - Crystalized,"Greenholt, Cronin and Deckow",100,EUR,"4,838",
344,Approved,Closed,28-Jan-20,Muffin - Mix - Creme Brule 15l,Wehner-Kessler,100,EUR,"6,891",
345,Approved,Closed,30-Jan-20,Cup - 4oz Translucent,Rice and Sons,4,EUR,"7,675",
346,Approved,Closed,31-Jan-20,Corn Meal,Hane-Jenkins,2,EUR,"2,755",
347,Approved,Closed,1-Feb-20,Stainless Steel Cleaner Vision,"Moen, Stark and Kuphal",4,EUR,"5,239",
348,Approved,Closed,1-Feb-20,Lamb - Whole Head Off,Turcotte Group,20,EUR,"7,569",
349,Approved,Closed,6-Feb-20,Ginsing - Fresh,Upton-Kunde,34,EUR,"2,025",
350,Approved,Closed,7-Feb-20,Energy Drink Bawls,Thiel-Labadie,400,EUR,"3,606",
351,Approved,Closed,8-Feb-20,"Coconut - Creamed, Pure",Upton-Kunde,40,EUR,"7,832",
352,Approved,Closed,8-Feb-20,Soup Campbells - Italian Wedding,Mills-Smith,100,EUR,"2,840",
353,Approved,Closed,9-Feb-20,"Beans - Black Bean, Preserved",Marquardt-Kovacek,2,EUR,"3,489",
354,Approved,Closed,9-Feb-20,Sprouts - Baby Pea Tendrils,"Wisoky, Brakus and Wilkinson",9,EUR,"1,547",
355,Approved,Closed,11-Feb-20,"Bread - Rolls, Corn","Langworth, Kreiger and Hilpert",60,EUR,"1,926",
356,Approved,Closed,11-Feb-20,Lobster - Canned Premium,Rodriguez-McCullough,15,EUR,"4,612",
357,Approved,Closed,12-Feb-20,Cheese - Cottage Cheese,Marquardt-Kovacek,5,EUR,211,
358,Approved,Closed,12-Feb-20,Ecolab Digiclean Mild Fm,Gaylord-Bernhard,5,EUR,"4,589",
359,Approved,Closed,13-Feb-20,Lamb Rack Frenched Australian,Funk Inc,3,EUR,"4,165",
360,Approved,Closed,13-Feb-20,"Water - Mineral, Natural",Dickens-Dare,100,EUR,"6,531",
361,Approved,Closed,16-Feb-20,Tuna - Yellowfin,Nader and Sons,12,EUR,"1,486",
362,Approved,Closed,17-Feb-20,"Juice - V8, Tomato",Hane-Jenkins,10,EUR,"1,043",
363,Approved,Closed,18-Feb-20,"Tart Shells - Sweet, 3",Padberg-Towne,100,EUR,"4,878",
364,Approved,Closed,18-Feb-20,"Pork - Butt, Boneless","Emmerich, Upton and McDermott",60,EUR,"6,447",
365,Approved,Closed,20-Feb-20,"Nut - Almond, Blanched, Ground","Wisoky, Brakus and Wilkinson",300,EUR,"6,567",
366,Approved,Closed,25-Feb-20,Apples - Sliced / Wedge,Watsica-Hirthe,25,EUR,"2,627",
367,Approved,Closed,26-Feb-20,"Jam - Strawberry, 20 Ml Jar",Thiel-Labadie,5,EUR,"5,623",
368,Approved,Closed,26-Feb-20,Olives - Kalamata,"Emmerich, Upton and McDermott",10,EUR,"1,850",
369,Approved,Closed,26-Feb-20,Multiple,Farrell and Sons,9,EUR,746,
370,Approved,Closed,26-Feb-20,Coffee Caramel Biscotti,Bechtelar LLC,6,EUR,"5,912",
371,Approved,Closed,28-Feb-20,Cookie Dough - Chocolate Chip,Dickens-Dare,300,EUR,"7,523",
372,Approved,Closed,28-Feb-20,Flour Dark Rye,Farrell and Sons,200,EUR,"7,926",
373,Approved,Closed,1-Mar-20,Island Oasis - Peach Daiquiri,Upton-Kunde,30,EUR,"5,609",
374,Approved,Closed,1-Mar-20,Multiple,Thiel-Labadie,16,EUR,"3,937",
375,Approved,Closed,1-Mar-20,Molasses - Fancy,"Eichmann, Fahey and Brakus",10,EUR,"4,850",
376,Approved,Closed,1-Mar-20,Beef - Tenderloin - Aa,"Wisoky, Brakus and Wilkinson",100,EUR,725,
377,Approved,Closed,2-Mar-20,Multiple,Nader and Sons,30,EUR,"3,500",
378,Approved,Closed,3-Mar-20,Milk 2% 500 Ml,Reichert-McGlynn,200,EUR,"2,247",
379,Approved,Closed,3-Mar-20,"Brownies - Two Bite, Chocolate",Dickens-Dare,5,EUR,"3,446",
380,Approved,Closed,3-Mar-20,Canada Dry,"Jerde, Kshlerin and Goldner",50,EUR,"1,326",
381,Approved,Closed,3-Mar-20,"Turkey - Breast, Double","Langworth, Kreiger and Hilpert",5,EUR,"3,608",
382,Approved,Closed,3-Mar-20,Bread - French Stick,"Moen, Strosin and Greenholt",2,EUR,"1,575",
383,Approved,Closed,3-Mar-20,"Nut - Almond, Blanched, Whole",Mills-Smith,8,EUR,"2,202",
384,Approved,Closed,4-Mar-20,Mcguinness - Blue Curacao,Hane-Jenkins,30,EUR,754,
385,Approved,Closed,4-Mar-20,Oil - Safflower,"Greenholt, Cronin and Deckow",5,EUR,942,
386,Approved,Closed,5-Mar-20,Cheese Cloth No 60,"Moen, Gottlieb and Blanda",1,EUR,"3,751",
387,Approved,Closed,6-Mar-20,Caviar - Salmon,Wehner-Kessler,50,EUR,"5,539",
388,Approved,Closed,8-Mar-20,"Sauce - Soya, Dark",Dickens-Dare,5,EUR,"5,557",
389,Approved,Closed,9-Mar-20,Ice Cream - Strawberry,Metz-Boehm,1,EUR,"1,617",
390,Approved,Closed,10-Mar-20,Ham - Virginia,"Greenholt, Cronin and Deckow",50,EUR,"5,530",
391,Approved,Closed,11-Mar-20,Beef - Kobe Striploin,"Langworth, Kreiger and Hilpert",7.5,EUR,"1,720",
392,Approved,Closed,13-Mar-20,Bread - Flat Bread,Dickens-Dare,10,EUR,"4,695",
393,Approved,Closed,14-Mar-20,Ice Cream Bar - Oreo Cone,Watsica-Hirthe,3,EUR,"1,800",
394,Approved,Closed,14-Mar-20,Multiple,"Eichmann, Fahey and Brakus",40,EUR,"4,415",
395,Approved,Closed,14-Mar-20,"Veal - Inside Round / Top, Lean",Hand-Cummerata,100,EUR,"7,403",
396,Approved,Closed,14-Mar-20,Bandage - Fexible 1x3,Metz-Boehm,1,EUR,52,
397,Approved,Closed,15-Mar-20,Multiple,Tillman and Sons,37,EUR,985,
398,Approved,Closed,17-Mar-20,Truffle Paste,"Eichmann, Fahey and Brakus",100,EUR,"5,627",
399,Approved,Closed,18-Mar-20,Multiple,"Langworth, Kreiger and Hilpert",2,EUR,"7,477",
400,Approved,Closed,19-Mar-20,Sole - Iqf,Turcotte Group,4,EUR,"7,012",
401,Approved,Closed,22-Mar-20,Pork - Sausage Casing,"Moen, Stark and Kuphal",10,EUR,116,
402,Approved,Closed,24-Mar-20,Mikes Hard Lemonade,"Aufderhar, Streich and Lynch",10,EUR,"4,947",
403,Approved,Closed,24-Mar-20,"Crush - Grape, 355 Ml",Thiel-Labadie,18,EUR,"7,655",
404,Approved,Closed,26-Mar-20,Muffin - Blueberry Individual,"Jerde, Kshlerin and Goldner",400,EUR,"6,508",
405,Approved,Closed,26-Mar-20,Yoghurt Tubes,Ortiz Inc,100,EUR,185,
406,Approved,Closed,27-Mar-20,Lamb - Loin Chops,Reichert-McGlynn,1,EUR,"4,183",
407,Approved,Closed,28-Mar-20,Goldschalger,"Gulgowski, Borer and Koelpin",3,EUR,"7,593",
408,Approved,Closed,28-Mar-20,Breakfast Quesadillas,Rodriguez-McCullough,112,EUR,"7,713",
409,Approved,Closed,1-Apr-20,Heavy Duty Dust Pan,"Eichmann, Fahey and Brakus",10,EUR,"5,062",
410,Approved,Closed,1-Apr-20,Mayonnaise - Individual Pkg,Thiel-Labadie,90,EUR,"2,465",
411,Approved,Closed,3-Apr-20,"Pork - Bacon, Double Smoked",Hane-Jenkins,4,EUR,"4,919",
412,Approved,Closed,3-Apr-20,Scallop - St. Jaques,Watsica-Hirthe,25,EUR,"3,112",
413,Approved,Closed,3-Apr-20,Multiple,"Greenholt, Cronin and Deckow",100,EUR,997,
414,Approved,Closed,3-Apr-20,Table Cloth 90x90 Colour,Stroman-Abbott,1300,EUR,"7,043",
415,Approved,Closed,4-Apr-20,Compound - Passion Fruit,Mills-Smith,100,EUR,"6,734",
416,Approved,Closed,6-Apr-20,Beans - Butter Lrg Lima,"Gulgowski, Borer and Koelpin",300,EUR,"6,616",
417,Approved,Closed,9-Apr-20,Cheese - Cream Cheese,Rodriguez-McCullough,15,EUR,"2,744",
418,Approved,Closed,11-Apr-20,Shallots,Padberg-Rice,1,EUR,"4,866",
419,Approved,Closed,12-Apr-20,Soup - Campbells Chili Veg,Wehner-Kessler,1,EUR,"4,704",
420,Approved,Closed,13-Apr-20,Sauce - Fish 25 Ozf Bottle,"Moen, Strosin and Greenholt",10,EUR,"3,139",
421,Approved,Closed,13-Apr-20,Containter - 3oz Microwave Rect.,Upton-Kunde,3,EUR,"6,666",
422,Approved,Closed,14-Apr-20,Table Cloth 91x91 Colour,Marquardt-Kovacek,18,EUR,"3,319",
423,Approved,Closed,15-Apr-20,"Pepper - Chipotle, Canned",Jacobs LLC,5,EUR,561,
424,Approved,Closed,18-Apr-20,Pie Filling - Cherry,Bechtelar LLC,8,EUR,645,
425,Approved,Closed,19-Apr-20,Tomato - Plum With Basil,Schuster Group,3,EUR,"1,539",
426,Approved,Closed,20-Apr-20,Oysters - Smoked,"Langworth, Kreiger and Hilpert",6,EUR,823,
427,Approved,Closed,20-Apr-20,Shrimp - Prawn,Upton-Kunde,60,EUR,"4,850",
428,Approved,Closed,22-Apr-20,Ham Black Forest,Hane-Jenkins,1,EUR,"7,500",
429,Approved,Closed,23-Apr-20,"Orange - Canned, Mandarin",Wuckert LLC,333,EUR,"4,365",
430,Approved,Closed,23-Apr-20,Burger Veggie,Ullrich-Emard,5,EUR,"2,128",
431,Approved,Closed,23-Apr-20,Transfer Sheets,Wuckert LLC,7,EUR,"7,778",
432,Approved,Closed,24-Apr-20,Cups 10oz Trans,"Aufderhar, Streich and Lynch",10,EUR,382,
433,Approved,Closed,25-Apr-20,Container - Hngd Cll Blk 7x7x3,Hane-Jenkins,3000,EUR,45,
434,Approved,Closed,26-Apr-20,"Pasta - Bauletti, Chicken White",Padberg-Rice,6,EUR,"6,668",
435,Approved,Closed,26-Apr-20,Pepper - Chili Powder,"Aufderhar, Streich and Lynch",2,EUR,946,
436,Approved,Closed,26-Apr-20,Pumpkin,"Moen, Strosin and Greenholt",5,EUR,"1,701",
437,Approved,Closed,26-Apr-20,Soup Knorr Chili With Beans,Stroman-Abbott,1,EUR,"5,126",
438,Approved,Closed,26-Apr-20,Juice - Apple Cider,Dickens-Dare,10,EUR,"1,746",
439,Approved,Closed,27-Apr-20,Multiple,"Langworth, Kreiger and Hilpert",4,EUR,"7,967",
440,Approved,Closed,27-Apr-20,Sugar - Palm,Rodriguez-McCullough,6,EUR,"1,383",
441,Approved,Closed,27-Apr-20,Sping Loaded Cup Dispenser,Gaylord-Bernhard,100,EUR,"2,882",
442,Approved,Closed,29-Apr-20,Tomato Puree,Gaylord-Bernhard,134.5,EUR,375,
443,Approved,Closed,29-Apr-20,Soup - Campbells Beef Noodle,Metz-Boehm,10,EUR,"3,993",
444,Approved,Closed,30-Apr-20,Longos - Cheese Tortellini,Dickens-Dare,6,EUR,"1,123",
445,Approved,Closed,2-May-20,Pineapple - Regular,Mab Speer,5,EUR,"1,959",
446,Approved,Closed,3-May-20,Energy Drink - Franks Original,"Moen, Gottlieb and Blanda",11,EUR,"5,117",
447,Approved,Closed,3-May-20,Glaze - Apricot,"Jerde, Kshlerin and Goldner",1,EUR,"5,790",
448,Approved,Closed,6-May-20,Tart - Lemon,Stroman-Abbott,200,EUR,"6,906",
449,Approved,Closed,6-May-20,"Juice - Tomato, 10 Oz","Moen, Strosin and Greenholt",4,EUR,"2,379",
450,Approved,Closed,7-May-20,Jolt Cola - Electric Blue,Schuster Group,4,EUR,"5,803",
451,Approved,Closed,10-May-20,Ecolab Crystal Fusion,Nader and Sons,15,EUR,351,
452,Approved,Closed,11-May-20,Coffee - Dark Roast,Wuckert LLC,103.5,EUR,"7,444",
453,Approved,Closed,11-May-20,Muffin Carrot - Individual,Stroman-Abbott,50,EUR,"6,387",
454,Approved,Closed,11-May-20,Dill Weed - Dry,Mills-Smith,12,EUR,"6,882",
455,Approved,Closed,14-May-20,Table Cloth 53x53 White,"Emmerich, Upton and McDermott",2,EUR,"1,757",
456,Approved,Closed,15-May-20,Chips Potato Swt Chilli Sour,Rodriguez-McCullough,10,EUR,"2,911",
457,Approved,Closed,16-May-20,Potatoes - Peeled,"Langworth, Kreiger and Hilpert",20,EUR,"7,396",
458,Approved,Closed,20-May-20,"Bread - White, Sliced","Greenholt, Cronin and Deckow",10,EUR,"4,326",
459,Approved,Closed,20-May-20,Yoplait Drink,"Greenholt, Cronin and Deckow",1,EUR,629,
460,Approved,Closed,20-May-20,Sauce - Ranch Dressing,Hane-Jenkins,13,EUR,"3,529",
461,Approved,Closed,21-May-20,Cake - Sheet Strawberry,"Aufderhar, Streich and Lynch",4,EUR,"4,617",
462,Approved,Closed,23-May-20,"Soup - Knorr, French Onion","Wisoky, Brakus and Wilkinson",3,EUR,210,
463,Approved,Closed,23-May-20,Thyme - Dried,Dickens-Dare,1,EUR,97,
464,Approved,Closed,23-May-20,Mikes Hard Lemonade,Padberg-Towne,10,EUR,80,
465,Approved,Closed,24-May-20,Cheese - Provolone,Upton-Kunde,18,EUR,"7,548",
466,Approved,Closed,25-May-20,Creme De Banane - Marie,Wuckert LLC,2,EUR,"7,982",
467,Approved,Closed,25-May-20,Grand Marnier,Upton-Kunde,10,EUR,986,
468,Approved,Closed,25-May-20,"Pasta - Tortellini, Fresh",Mills-Smith,5,EUR,"1,098",
469,Approved,Closed,25-May-20,Multiple,Mills-Smith,5,EUR,35,
470,Approved,Closed,26-May-20,Beans - Butter Lrg Lima,Reichert-McGlynn,40,EUR,"2,135",
471,Approved,Closed,26-May-20,"Mop Head - Cotton, 24 Oz",Upton-Kunde,15,EUR,"2,086",
472,Approved,Closed,27-May-20,Table Cloth 53x53 White,Jacobs LLC,50,EUR,83,
473,Approved,Closed,28-May-20,"Capon - Breast, Double, Wing On",Ullrich-Emard,1000,EUR,"2,809",
474,Approved,Closed,29-May-20,Onions Granulated,Schuster Group,50,EUR,"6,693",
475,Approved,Closed,30-May-20,Glucose,"Moen, Gottlieb and Blanda",3,EUR,"5,217",
476,Approved,Closed,2-Jun-20,Peas - Frozen,"Jerde, Kshlerin and Goldner",36,EUR,"2,896",
477,Approved,Closed,3-Jun-20,Lettuce - Curly Endive,Jacobs LLC,15,EUR,"3,100",
478,Approved,Closed,5-Jun-20,"Lemonade - Strawberry, 591 Ml","Moen, Gottlieb and Blanda",6,EUR,"5,252",
479,Approved,Closed,5-Jun-20,Longos - Penne With Pesto,"Moen, Strosin and Greenholt",6,EUR,"4,831",
480,Approved,Closed,6-Jun-20,Pepperoni Slices,Ortiz Inc,10,EUR,"6,445",
481,Approved,Closed,7-Jun-20,Vaccum Bag - 14x20,"Wisoky, Brakus and Wilkinson",50,EUR,"4,264",
482,Approved,Closed,7-Jun-20,Bread - 10 Grain Parisian,Stroman-Abbott,20,EUR,"3,450",
483,Approved,Closed,10-Jun-20,Muffin Batt - Choc Chk,Padberg-Towne,5,EUR,"5,193",
484,Approved,Closed,12-Jun-20,Pancetta,Rice and Sons,5,EUR,"5,896",
485,Approved,Closed,12-Jun-20,Soup - Campbells Chicken,Bechtelar LLC,6,EUR,"7,312",
486,Approved,Closed,14-Jun-20,Canada Dry,Ortiz Inc,5,EUR,978,
487,Approved,Closed,15-Jun-20,Milkettes - 2%,Bartell Inc,32,EUR,"1,565",
488,Approved,Closed,16-Jun-20,Jolt Cola,Reichert-McGlynn,50,EUR,933,
489,Approved,Closed,16-Jun-20,Glaze - Clear,Watsica-Hirthe,2,EUR,"3,683",
490,Approved,Closed,16-Jun-20,Vaccum Bag - 14x20,Reichert-McGlynn,8,EUR,"5,465",
491,Approved,Closed,16-Jun-20,Cookies Cereal Nut,Mills-Smith,5,EUR,"6,187",
492,Approved,Closed,17-Jun-20,Ginger - Ground,Turcotte Group,20,EUR,"6,004",
493,Approved,Closed,23-Jun-20,Chip - Potato Dill Pickle,Ullrich-Emard,1,EUR,"2,453",
494,Approved,Closed,23-Jun-20,Oregano - Fresh,"Eichmann, Fahey and Brakus",200,EUR,"6,337",
495,Approved,Closed,25-Jun-20,Clam Nectar,"Aufderhar, Streich and Lynch",9,EUR,360,
496,Approved,Closed,26-Jun-20,Beans - Fava Fresh,Tillman and Sons,5,EUR,"1,331",
497,Approved,Closed,28-Jun-20,V8 - Tropical Blend,Wuckert LLC,5,EUR,"7,705",
498,Approved,Closed,30-Jun-20,"Pepper - Black, Ground",Gaylord-Bernhard,5,EUR,"7,927",
499,Approved,Closed,30-Jun-20,Chutney Sauce - Mango,Wehner-Kessler,3,EUR,"2,922",
500,Approved,Closed,30-Jun-20,"Red Snapper - Fillet, Skin On","Jerde, Kshlerin and Goldner",130,EUR,"6,055",
501,Approved,Closed,2-Jul-20,Sauce - Sesame Thai Dressing,Watsica-Hirthe,209,EUR,"2,998",
502,Approved,Closed,2-Jul-20,Red Currants,Nader and Sons,50,EUR,"1,492",
503,Approved,Closed,4-Jul-20,Bar Energy Chocchip,Reichert-McGlynn,20,EUR,"7,808",
504,Approved,Closed,5-Jul-20,"Beans - Kidney, Canned","Eichmann, Fahey and Brakus",5,EUR,"6,468",
505,Approved,Closed,5-Jul-20,Veal - Insides Provini,"Moen, Gottlieb and Blanda",1,EUR,"5,692",
506,Approved,Closed,5-Jul-20,Multiple,Reichert-McGlynn,3,EUR,"5,975",
507,Approved,Closed,6-Jul-20,Flavouring Vanilla Artificial,"Langworth, Kreiger and Hilpert",100,EUR,263,
508,Approved,Closed,7-Jul-20,"Pasta - Bauletti, Chicken White",Hand-Cummerata,5,EUR,"3,026",
509,Approved,Closed,8-Jul-20,Tumeric,"Gulgowski, Borer and Koelpin",40,EUR,"7,190",
510,Approved,Closed,10-Jul-20,Bread Base - Italian,Stroman-Abbott,5,EUR,"4,195",
511,Approved,Closed,10-Jul-20,Raspberries - Fresh,Tillman and Sons,200,EUR,"5,576",
512,Approved,Closed,11-Jul-20,Multiple,Reichert-McGlynn,10,EUR,"1,332",
513,Approved,Closed,12-Jul-20,Chicken - Soup Base,Ullrich-Emard,10,EUR,"4,127",
514,Approved,Closed,12-Jul-20,Beef - Montreal Smoked Brisket,Watsica-Hirthe,400,EUR,"5,834",
515,Approved,Closed,13-Jul-20,Multiple,"Aufderhar, Streich and Lynch",550,EUR,"2,971",
516,Approved,Closed,17-Jul-20,Nougat - Paste / Cream,Ullrich-Emard,20,EUR,"7,736",
517,Approved,Closed,18-Jul-20,"Roe - Lump Fish, Red","Wisoky, Brakus and Wilkinson",15.23,EUR,"3,571",
518,Approved,Closed,18-Jul-20,Tea - Black Currant,Bechtelar LLC,1000,EUR,"7,704",
519,Approved,Closed,20-Jul-20,Multiple,Hand-Cummerata,2.5,EUR,"4,149",
520,Approved,Closed,26-Jul-20,Parsley - Fresh,Stroman-Abbott,100,EUR,"3,828",
521,Approved,Closed,26-Jul-20,"Pork - Bacon,back Peameal",Hane-Jenkins,5,EUR,"4,388",
522,Approved,Closed,28-Jul-20,Oil - Safflower,Rice and Sons,100,EUR,"4,041",
523,Approved,Closed,30-Jul-20,Cleaner - Pine Sol,Schuster Group,9,EUR,"3,504",
524,Approved,Closed,30-Jul-20,Sausage - Andouille,"Jerde, Kshlerin and Goldner",300,EUR,"2,865",
525,Approved,Closed,31-Jul-20,"Veal - Brisket, Provimi, Bone - In",Jacobs LLC,50,EUR,273,
526,Approved,Closed,31-Jul-20,Apricots - Halves,"Aufderhar, Streich and Lynch",5,EUR,"7,418",
527,Approved,Closed,31-Jul-20,Muffin Batt - Blueberry Passion,Padberg-Rice,10000,EUR,"6,430",
528,Approved,Closed,1-Aug-20,Tomato - Tricolor Cherry,Nader and Sons,1,EUR,"3,981",
529,Approved,Closed,2-Aug-20,"Cod - Salted, Boneless",Wuckert LLC,7.5,EUR,"4,879",
530,Approved,Closed,5-Aug-20,Cheese - Brie Roitelet,Rice and Sons,4,EUR,"4,647",
531,Approved,Closed,6-Aug-20,Chicken - Livers,Padberg-Towne,5,EUR,"4,356",
532,Approved,Closed,7-Aug-20,Ice Cream Bar - Drumstick,"Moen, Gottlieb and Blanda",1,EUR,"7,480",
533,Approved,Closed,9-Aug-20,Piping Jelly - All Colours,Hane-Jenkins,10,EUR,"7,656",
534,Approved,Closed,10-Aug-20,Pasta - Orecchiette,"Aufderhar, Streich and Lynch",50,EUR,"3,314",
535,Approved,Closed,11-Aug-20,Bread - Kimel Stick Poly,Padberg-Towne,1,EUR,"7,554",
536,Approved,Closed,13-Aug-20,Fruit Mix - Light,"Jerde, Kshlerin and Goldner",1000,EUR,"7,496",
537,Approved,Closed,15-Aug-20,Radish - Pickled,Wehner-Kessler,1,EUR,"7,571",
538,Approved,Closed,15-Aug-20,Dry Ice,Padberg-Rice,8,EUR,"7,131",
539,Approved,Closed,16-Aug-20,Lettuce - Boston Bib,"Wisoky, Brakus and Wilkinson",20,EUR,"5,265",
540,Approved,Closed,17-Aug-20,Turkey Tenderloin Frozen,Mills-Smith,167.76,EUR,"7,236",
541,Approved,Closed,17-Aug-20,Smirnoff Green Apple Twist,Ortiz Inc,150,EUR,"4,806",
542,Approved,Closed,19-Aug-20,Lettuce - Baby Salad Greens,"Gulgowski, Borer and Koelpin",2,EUR,"2,517",
543,Approved,Closed,20-Aug-20,Multiple,"Greenholt, Cronin and Deckow",3,EUR,"4,508",
544,Approved,Closed,20-Aug-20,Puree - Mocha,Bechtelar LLC,5,EUR,"6,246",
545,Approved,Closed,21-Aug-20,"Onions - Dried, Chopped",Funk Inc,10,EUR,"5,973",
546,Approved,Closed,21-Aug-20,Tea - Herbal Sweet Dreams,Padberg-Rice,5,EUR,"1,607",
547,Approved,Closed,22-Aug-20,Cheese - Augre Des Champs,Gaylord-Bernhard,10,EUR,"4,291",
548,Approved,Closed,23-Aug-20,Creme De Cacao White,Hand-Cummerata,7.5,EUR,"4,658",
549,Approved,Closed,23-Aug-20,Multiple,Jacobs LLC,1,EUR,"4,383",
550,Approved,Closed,24-Aug-20,"Nut - Almond, Blanched, Sliced",Rodriguez-McCullough,23,EUR,"7,054",
551,Approved,Closed,24-Aug-20,Oil - Sesame,Schuster Group,120,EUR,"4,442",
552,Approved,Closed,25-Aug-20,Absolut Citron,Upton-Kunde,2,EUR,"4,436",
553,Approved,Closed,26-Aug-20,Soup - Base Broth Chix,Bartell Inc,1,EUR,"2,866",
554,Approved,Closed,28-Aug-20,"Fish - Scallops, Cold Smoked",Marquardt-Kovacek,150,EUR,"6,946",
555,Approved,Closed,2-Sep-20,Wooden Mop Handle,"Eichmann, Fahey and Brakus",3,EUR,"7,791",
556,Approved,Closed,4-Sep-20,"Pork - Bacon, Double Smoked","Jerde, Kshlerin and Goldner",20,EUR,"1,343",
557,Approved,Closed,5-Sep-20,Parsnip,Rice and Sons,50,EUR,"7,396",
558,Approved,Closed,6-Sep-20,Beans - Fava Fresh,Nader and Sons,15,EUR,"4,711",
559,Approved,Closed,7-Sep-20,The Pop Shoppe - Lime Rickey,Padberg-Towne,9,EUR,"7,569",
560,Approved,Closed,7-Sep-20,Glass Clear 8 Oz,Bechtelar LLC,20,EUR,"5,920",
561,Approved,Closed,8-Sep-20,Whmis - Spray Bottle Trigger,"Moen, Strosin and Greenholt",5,EUR,"4,630",
562,Approved,Closed,8-Sep-20,Appetizer - Smoked Salmon / Dill,"Moen, Stark and Kuphal",64,EUR,"5,027",
563,Approved,Closed,10-Sep-20,Cocoa Feuilletine,Wehner-Kessler,1000,EUR,"4,349",
564,Approved,Closed,10-Sep-20,Veal - Nuckle,Gaylord-Bernhard,300,EUR,"7,994",
565,Approved,Closed,16-Sep-20,Cookie Dough - Chocolate Chip,Jacobs LLC,30,EUR,"6,013",
566,Approved,Closed,17-Sep-20,Sprouts - Bean,"Moen, Stark and Kuphal",5,EUR,"6,161",
567,Approved,Closed,18-Sep-20,Irish Cream - Baileys,Bartell Inc,100,EUR,"6,073",
568,Approved,Closed,19-Sep-20,Higashimaru Usukuchi Soy,Turcotte Group,5,EUR,855,
569,Approved,Closed,19-Sep-20,"Shrimp - Baby, Warm Water",Bechtelar LLC,10,EUR,"6,919",
570,Approved,Closed,21-Sep-20,Chips Potato Salt Vinegar 43g,Reichert-McGlynn,12,EUR,"1,338",
571,Approved,Closed,23-Sep-20,Latex Rubber Gloves Size 9,"Eichmann, Fahey and Brakus",10,EUR,"5,019",
572,Approved,Closed,24-Sep-20,Bag - Regular Kraft 20 Lb,Ortiz Inc,1000,EUR,"2,962",
573,Approved,Closed,24-Sep-20,Bread Base - Toscano,"Greenholt, Cronin and Deckow",100,EUR,"5,417",
574,Approved,Closed,27-Sep-20,Kellogs Raisan Bran Bars,Marquardt-Kovacek,4,EUR,353,
575,Approved,Closed,27-Sep-20,Lid - 16 Oz And 32 Oz,Marquardt-Kovacek,1,EUR,"4,923",
576,Approved,Closed,29-Sep-20,Multiple,"Moen, Stark and Kuphal",9,EUR,129,
577,Approved,Closed,29-Sep-20,Bread - Frozen Basket Variety,Farrell and Sons,10,EUR,"6,732",
578,Approved,Closed,1-Oct-20,"Chicken - Leg, Boneless",Ullrich-Emard,19,EUR,"4,825",
579,Approved,Closed,2-Oct-20,Multiple,Nader and Sons,5,EUR,"4,420",
580,Approved,Closed,3-Oct-20,Syrup - Monin - Granny Smith,Turcotte Group,100,EUR,"1,770",
581,Approved,Closed,3-Oct-20,Spaghetti Squash,Nader and Sons,20,EUR,"1,712",
582,Approved,Closed,4-Oct-20,Butter - Salted,Schuster Group,10,EUR,"5,343",
583,Approved,Closed,4-Oct-20,Bread Crumbs - Panko,"Moen, Strosin and Greenholt",8,EUR,"5,440",
584,Approved,Closed,4-Oct-20,Multiple,Turcotte Group,4,EUR,"1,509",
585,Approved,Closed,7-Oct-20,"Vodka - Hot, Lnferno",Ullrich-Emard,5,EUR,"1,451",
586,Approved,Closed,7-Oct-20,Peach - Fresh,Hand-Cummerata,200,EUR,"5,987",
587,Approved,Closed,8-Oct-20,Lumpfish Black,Farrell and Sons,10,EUR,"7,166",
588,Approved,Closed,8-Oct-20,"Olives - Green, Pitted",Jacobs LLC,15,EUR,"5,879",
589,Approved,Closed,9-Oct-20,Bread - Italian Sesame Poly,Upton-Kunde,10,EUR,"3,132",
590,Approved,Closed,9-Oct-20,Bread - Bistro Sour,"Moen, Strosin and Greenholt",10,EUR,"5,611",
591,Approved,Closed,15-Oct-20,Cheese Cloth No 100,Padberg-Towne,1,EUR,505,
592,Approved,Closed,17-Oct-20,"Pasta - Orzo, Dry",Wuckert LLC,10,EUR,"4,883",
593,Approved,Closed,17-Oct-20,Cheese - Colby,Thiel-Labadie,5,EUR,"1,891",
594,Approved,Closed,18-Oct-20,Flour - Bread,Gaylord-Bernhard,9,EUR,"6,603",
595,Approved,Closed,21-Oct-20,Table Cloth 62x114 White,Rodriguez-McCullough,5,EUR,"4,080",
596,Approved,Closed,21-Oct-20,Multiple,Mills-Smith,6,EUR,"2,663",
597,Approved,Closed,22-Oct-20,Tarts Assorted,"Jerde, Kshlerin and Goldner",6,EUR,"7,862",
598,Approved,Closed,23-Oct-20,"Tea - Darjeeling, Azzura","Aufderhar, Streich and Lynch",4,EUR,"1,685",
599,Approved,Closed,23-Oct-20,Lemon Pepper,Farrell and Sons,6,EUR,"2,167",
600,Approved,Closed,24-Oct-20,Pineapple - Golden,"Greenholt, Cronin and Deckow",24,EUR,"2,731",
601,Approved,Closed,24-Oct-20,Lemonade - Pineapple Passion,"Eichmann, Fahey and Brakus",30,EUR,781,
602,Approved,Closed,24-Oct-20,Fruit Mix - Light,Ullrich-Emard,3,EUR,"2,879",
603,Approved,Closed,26-Oct-20,Mussels - Frozen,Wuckert LLC,600,EUR,"4,417",
604,Approved,Closed,26-Oct-20,Cakes Assorted,"Moen, Gottlieb and Blanda",10,EUR,"7,723",
605,Approved,Closed,27-Oct-20,Sobe - Cranberry Grapefruit,"Moen, Stark and Kuphal",100,EUR,92,
606,Approved,Closed,28-Oct-20,Bread Base - Toscano,Hane-Jenkins,40.5,EUR,"1,588",
607,Approved,Closed,29-Oct-20,Pastry - Trippleberry Muffin - Mini,"Jerde, Kshlerin and Goldner",18,EUR,"5,425",
608,Approved,Closed,30-Oct-20,Beets - Golden,Ortiz Inc,100,EUR,"5,594",
609,Approved,Closed,1-Nov-20,Halibut - Fletches,Metz-Boehm,6,EUR,"5,562",
610,Approved,Closed,1-Nov-20,Jolt Cola - Electric Blue,Rice and Sons,9,EUR,"4,857",
611,Approved,Closed,3-Nov-20,Mousse - Banana Chocolate,"Aufderhar, Streich and Lynch",200,EUR,537,
612,Approved,Closed,3-Nov-20,Longos - Grilled Veg Sandwiches,Hand-Cummerata,2,EUR,"7,123",
613,Approved,Closed,3-Nov-20,Tumeric,Hane-Jenkins,400,EUR,"7,632",
614,Approved,Closed,6-Nov-20,Appetizer - Asian Shrimp Roll,"Aufderhar, Streich and Lynch",1,EUR,"4,973",
615,Approved,Closed,8-Nov-20,English Muffin,Funk Inc,2,EUR,"3,733",
616,Approved,Closed,8-Nov-20,Soup - Verve - Chipotle Chicken,"Emmerich, Upton and McDermott",5.5,EUR,52,
617,Approved,Closed,12-Nov-20,Tahini Paste,Metz-Boehm,10,EUR,"3,905",
618,Approved,Closed,13-Nov-20,Juice - Ocean Spray Kiwi,Nader and Sons,5,EUR,"5,216",
619,Approved,Closed,15-Nov-20,Bread - Sour Batard,Hand-Cummerata,6,EUR,"1,560",
620,Approved,Closed,16-Nov-20,Chocolate - Milk,"Moen, Stark and Kuphal",30,EUR,"1,326",
621,Approved,Closed,17-Nov-20,Quail - Jumbo,Bartell Inc,72,EUR,"5,602",
622,Approved,Closed,17-Nov-20,"Split Peas - Yellow, Dry",Quillan Wilkin,50,EUR,"6,595",
623,Approved,Closed,19-Nov-20,Cheese - Montery Jack,"Langworth, Kreiger and Hilpert",300,EUR,"4,075",
624,Approved,Closed,19-Nov-20,Carbonated Water - Blackcherry,Bechtelar LLC,60,EUR,"1,014",
625,Approved,Closed,20-Nov-20,Flour - Strong Pizza,Watsica-Hirthe,10,EUR,"7,236",
626,Approved,Closed,22-Nov-20,Chinese Lemon Pork,Upton-Kunde,3,EUR,"4,756",
627,Approved,Closed,25-Nov-20,"Pasta - Orzo, Dry",Bartell Inc,10,EUR,"3,935",
628,Approved,Closed,25-Nov-20,"Veal - Tenderloin, Untrimmed","Gulgowski, Borer and Koelpin",5,EUR,821,
629,Approved,Closed,26-Nov-20,Eggplant - Baby,"Moen, Stark and Kuphal",232,EUR,"1,402",
630,Approved,Closed,27-Nov-20,Flower - Carnations,"Gulgowski, Borer and Koelpin",6,EUR,"5,208",
631,Approved,Closed,28-Nov-20,Multiple,Padberg-Rice,15,EUR,"3,094",
632,Approved,Closed,29-Nov-20,V8 - Vegetable Cocktail,Rodriguez-McCullough,5,EUR,"3,521",
633,Approved,Closed,29-Nov-20,Straw - Regular,Turcotte Group,150,EUR,"3,163",
634,Approved,Closed,29-Nov-20,Cheese - Shred Cheddar / Mozza,Nader and Sons,2,EUR,"4,004",
635,Approved,Closed,29-Nov-20,Sauce - Thousand Island,Schuster Group,200,EUR,"6,383",
636,Approved,Closed,2-Dec-20,"Coke - Classic, 355 Ml",Turcotte Group,4,EUR,"1,502",
637,Approved,Closed,2-Dec-20,"Quail - Whole, Boneless",Ortiz Inc,3,EUR,"5,312",
638,Approved,Closed,3-Dec-20,"Lid - Translucent, 3.5 And 6 Oz",Wehner-Kessler,1,EUR,"3,953",
639,Approved,Closed,3-Dec-20,Wanton Wrap,"Moen, Stark and Kuphal",9,EUR,"4,753",
640,Approved,Closed,5-Dec-20,Tomatoes - Roma,"Moen, Strosin and Greenholt",10,EUR,840,
641,Approved,Closed,7-Dec-20,"Beef - Roasted, Cooked",Ortiz Inc,20,EUR,"3,817",
642,Approved,Closed,8-Dec-20,Mushrooms - Honey,Turcotte Group,400,EUR,"1,241",
643,Approved,Closed,9-Dec-20,Shrimp - Black Tiger 13/15,Upton-Kunde,1,EUR,"7,817",
644,Approved,Closed,10-Dec-20,Fudge - Chocolate Fudge,Dickens-Dare,6,EUR,"3,678",
645,Approved,Closed,11-Dec-20,Banana - Green,"Gulgowski, Borer and Koelpin",19,EUR,"5,577",
646,Approved,Closed,11-Dec-20,Rice - Aborio,Schuster Group,5,EUR,"1,096",
647,Approved,Closed,11-Dec-20,"Nut - Almond, Blanched, Sliced",Funk Inc,30,EUR,"4,610",
648,Approved,Closed,13-Dec-20,"Pepper - White, Whole",Dickens-Dare,10,EUR,"3,999",
649,Approved,Closed,14-Dec-20,Squid - Tubes / Tenticles 10/20,Bechtelar LLC,1,EUR,"1,689",
650,Approved,Closed,14-Dec-20,Sauce - Demi Glace,Padberg-Towne,5,EUR,"2,762",
651,Approved,Closed,14-Dec-20,Multiple,"Gulgowski, Borer and Koelpin",112,EUR,"3,901",
652,Approved,Closed,14-Dec-20,"Cherries - Maraschino,jar",Bartell Inc,9,EUR,"5,129",
653,Approved,Closed,16-Dec-20,Rice - Sushi,Rice and Sons,410,EUR,"3,826",
654,Approved,Closed,16-Dec-20,Multiple,"Wisoky, Brakus and Wilkinson",1,EUR,"2,956",
655,Approved,Closed,18-Dec-20,"Halibut - Whole, Fresh","Moen, Stark and Kuphal",6,EUR,782,
656,Approved,Closed,19-Dec-20,Dragon Fruit,"Wisoky, Brakus and Wilkinson",10,EUR,"4,117",
657,Approved,Closed,20-Dec-20,Multiple,Nader and Sons,18,EUR,"3,323",
658,Approved,Closed,20-Dec-20,Fudge - Cream Fudge,Rodriguez-McCullough,1000,EUR,"1,536",
659,Approved,Closed,23-Dec-20,"Napkin - Cocktail,beige 2 - Ply",Padberg-Rice,1,EUR,"4,054",
660,Approved,Closed,25-Dec-20,Bagel - Plain,Marquardt-Kovacek,380,EUR,"7,753",
661,Approved,Closed,26-Dec-20,Chicken - Tenderloin,Reichert-McGlynn,6,EUR,"5,957",
662,Approved,Closed,26-Dec-20,Chef Hat 25cm,"Langworth, Kreiger and Hilpert",0.4,EUR,"2,948",
663,Approved,Closed,27-Dec-20,Chips - Potato Jalapeno,Hand-Cummerata,2,EUR,"4,688",
664,Approved,Closed,27-Dec-20,Tea - Earl Grey,Nader and Sons,15,EUR,"6,845",
665,Approved,Closed,28-Dec-20,"Sprite, Diet - 355ml",Quillan Wilkin,100,EUR,710,
666,Approved,Closed,29-Dec-20,Bread - Pain Au Liat X12,Padberg-Towne,300,EUR,"1,342",
667,Approved,Closed,31-Dec-20,Sweet Pea Sprouts,Thiel-Labadie,6,EUR,"6,705",
668,Approved,Closed,31-Dec-20,Seedlings - Clamshell,Wehner-Kessler,35,EUR,"3,258",
669,Approved,Closed,31-Dec-20,Multiple,Jacobs LLC,6,EUR,"7,241",
670,Approved,Closed,1-Jan-21,Bread - 10 Grain,"Moen, Strosin and Greenholt",6,EUR,"5,581",
671,Approved,Closed,2-Jan-21,Bread Base - Toscano,"Eichmann, Fahey and Brakus",45,EUR,"1,211",
672,Approved,Closed,2-Jan-21,Pants Custom Dry Clean,Padberg-Towne,3,EUR,"2,070",
673,Approved,Closed,2-Jan-21,Crab - Meat,"Greenholt, Cronin and Deckow",5,EUR,"3,910",
674,Approved,Closed,3-Jan-21,Multiple,Mills-Smith,600,EUR,"5,945",
675,Approved,Closed,5-Jan-21,Leeks - Large,Rice and Sons,20,EUR,"6,166",
676,Approved,Closed,5-Jan-21,Sour Puss - Tangerine,Metz-Boehm,1,EUR,330,
677,Approved,Closed,8-Jan-21,"Trout - Rainbow, Fresh",Tillman and Sons,5,EUR,"2,237",
678,Approved,Closed,8-Jan-21,Pepper - Roasted Red,Bartell Inc,25,EUR,996,
679,Approved,Closed,10-Jan-21,Soup - Cream Of Broccoli,Dickens-Dare,7.5,EUR,"7,166",
680,Approved,Closed,11-Jan-21,Raspberries - Fresh,Rice and Sons,1,EUR,"4,130",
681,Approved,Closed,12-Jan-21,Sesame Seed Black,Wehner-Kessler,30,EUR,"3,472",
682,Approved,Closed,12-Jan-21,Kirsch - Schloss,Bartell Inc,6,EUR,"5,665",
683,Approved,Closed,12-Jan-21,Dc Hikiage Hira Huba,"Moen, Gottlieb and Blanda",360,EUR,"1,442",
684,Approved,Closed,14-Jan-21,Creme De Menth - White,Nader and Sons,75,EUR,"7,921",
685,Approved,Closed,16-Jan-21,Bread - Kimel Stick Poly,Metz-Boehm,20,EUR,"1,321",
686,Approved,Closed,17-Jan-21,Muffin Batt - Ban Dream Zero,Ortiz Inc,1,EUR,"1,411",
687,Approved,Closed,22-Jan-21,Chef Hat 20cm,Ullrich-Emard,5,EUR,"5,589",
688,Approved,Closed,22-Jan-21,Multiple,"Moen, Strosin and Greenholt",1,EUR,588,
689,Approved,Closed,22-Jan-21,"Beans - Black Bean, Preserved",Jacobs LLC,24,EUR,"4,572",
690,Approved,Closed,25-Jan-21,Multiple,Turcotte Group,10,EUR,"3,489",
691,Approved,Closed,29-Jan-21,"Mushrooms - Black, Dried",Nader and Sons,50,EUR,"3,340",
692,Approved,Closed,1-Feb-21,Bread - Italian Roll With Herbs,Ortiz Inc,80,EUR,"7,593",
693,Approved,Closed,1-Feb-21,"Jam - Blackberry, 20 Ml Jar",Padberg-Towne,30,EUR,"2,201",
694,Approved,Closed,4-Feb-21,Longos - Chicken Caeser Salad,Marquardt-Kovacek,5,EUR,"2,856",
695,Approved,Closed,8-Feb-21,Compound - Passion Fruit,"Moen, Gottlieb and Blanda",300,EUR,"3,571",
696,Approved,Closed,8-Feb-21,"Crush - Grape, 355 Ml","Greenholt, Cronin and Deckow",50,EUR,734,
697,Approved,Closed,8-Feb-21,Knife Plastic - White,Gaylord-Bernhard,20,EUR,"2,119",
698,Approved,Closed,11-Feb-21,Multiple,Rodriguez-McCullough,5,EUR,892,
699,Approved,Closed,13-Feb-21,Multiple,"Emmerich, Upton and McDermott",5,EUR,"7,259",
700,Approved,Closed,14-Feb-21,"Bread - Dark Rye, Loaf","Aufderhar, Streich and Lynch",264,EUR,"4,224",
701,Approved,Closed,14-Feb-21,"Tart Shells - Sweet, 2",Bartell Inc,1,EUR,"3,115",
702,Approved,Closed,15-Feb-21,Cheese - Le Cheve Noir,"Wisoky, Brakus and Wilkinson",5,EUR,192,
703,Approved,Closed,16-Feb-21,Pepper - Scotch Bonnet,Wehner-Kessler,20,EUR,"2,809",
704,Approved,Closed,17-Feb-21,Paper Towel Touchless,"Emmerich, Upton and McDermott",1,EUR,"5,104",
705,Approved,Closed,17-Feb-21,Carrots - Jumbo,Stroman-Abbott,4,EUR,281,
706,Approved,Closed,17-Feb-21,"Quail - Eggs, Fresh",Padberg-Rice,500,EUR,"6,300",
707,Approved,Closed,17-Feb-21,Ocean Spray - Kiwi Strawberry,Hand-Cummerata,125,EUR,"5,872",
708,Approved,Closed,19-Feb-21,Oranges,Thiel-Labadie,150,EUR,"1,124",
709,Approved,Closed,20-Feb-21,Graham Cracker Mix,"Gulgowski, Borer and Koelpin",250,EUR,897,
710,Approved,Closed,23-Feb-21,Bread - Pita,Wehner-Kessler,4,EUR,"7,344",
711,Approved,Closed,23-Feb-21,Spinach - Spinach Leaf,"Jerde, Kshlerin and Goldner",10,EUR,"1,517",
712,Approved,Closed,23-Feb-21,Longos - Grilled Veg Sandwiches,"Gulgowski, Borer and Koelpin",50,EUR,"2,628",
713,Approved,Closed,24-Feb-21,Maintenance Removal Charge,"Gulgowski, Borer and Koelpin",10,EUR,"2,188",
714,Approved,Closed,24-Feb-21,"Bread - Rolls, Corn","Moen, Gottlieb and Blanda",100,EUR,"2,728",
715,Approved,Closed,24-Feb-21,"Tarragon - Primerba, Paste",Farrell and Sons,200,EUR,"4,399",
716,Approved,Closed,25-Feb-21,Pastry - Carrot Muffin - Mini,Mills-Smith,10,EUR,"2,754",
717,Approved,Closed,25-Feb-21,Chambord Royal,"Moen, Strosin and Greenholt",60,EUR,"3,859",
718,Approved,Closed,26-Feb-21,Beans - Soya Bean,"Emmerich, Upton and McDermott",40,EUR,"5,010",
719,Approved,Closed,26-Feb-21,Nut - Pumpkin Seeds,Dickens-Dare,400,EUR,"3,929",
720,Approved,Closed,27-Feb-21,Table Cloth - 53x69 Colour,"Moen, Stark and Kuphal",2,EUR,"7,701",
721,Approved,Closed,28-Feb-21,Multiple,Schuster Group,1,EUR,426,
722,Approved,Closed,1-Mar-21,Chinese Foods - Chicken,Tillman and Sons,100,EUR,"5,186",
723,Approved,Closed,1-Mar-21,"Pasta - Cappellini, Dry",Padberg-Towne,4,EUR,"4,670",
724,Approved,Closed,2-Mar-21,Multiple,"Moen, Gottlieb and Blanda",30,EUR,296,
725,Approved,Closed,2-Mar-21,Dish Towel,Upton-Kunde,1,EUR,"2,214",
726,Approved,Closed,5-Mar-21,Pastry - Choclate Baked,Turcotte Group,4,EUR,"2,134",
727,Approved,Closed,6-Mar-21,"Cheese - Boursin, Garlic / Herbs",Tillman and Sons,5,EUR,"6,098",
728,Approved,Closed,6-Mar-21,Pork - Side Ribs,Quillan Wilkin,50,EUR,"6,885",
729,Approved,Closed,9-Mar-21,Soup - Campbells - Chicken Noodle,"Moen, Stark and Kuphal",20,EUR,"7,423",
730,Approved,Closed,12-Mar-21,"Seedlings - Buckwheat, Organic",Tillman and Sons,35,EUR,"7,226",
731,Approved,Closed,12-Mar-21,Multiple,"Jerde, Kshlerin and Goldner",15,EUR,"2,023",
732,Approved,Closed,12-Mar-21,"Chocolate - Semi Sweet, Calets","Moen, Gottlieb and Blanda",1,EUR,"3,672",
733,Approved,Closed,14-Mar-21,"Oil - Truffle, White",Bartell Inc,90,EUR,"6,001",
734,Approved,Closed,15-Mar-21,Dome Lid Clear P92008h,Mills-Smith,1,EUR,"6,003",
735,Approved,Closed,15-Mar-21,"Artichoke - Bottom, Canned",Nader and Sons,30,EUR,"4,044",
736,Approved,Closed,16-Mar-21,"Olives - Black, Pitted",Tillman and Sons,7,EUR,"7,833",
737,Approved,Closed,16-Mar-21,"Water, Tap",Watsica-Hirthe,1,EUR,"6,569",
738,Approved,Closed,17-Mar-21,"Nestea - Ice Tea, Diet",Tillman and Sons,5,EUR,"3,816",
739,Approved,Closed,17-Mar-21,Magnotta Bel Paese Red,Funk Inc,100,EUR,"7,245",
740,Approved,Closed,18-Mar-21,Cheese - Valancey,Ullrich-Emard,1,EUR,890,
741,Approved,Closed,23-Mar-21,Table Cloth 53x53 White,Thiel-Labadie,7.5,EUR,"3,197",
742,Approved,Closed,23-Mar-21,Lobster - Base,Ortiz Inc,75,EUR,483,
743,Approved,Closed,24-Mar-21,Squid Ink,Thiel-Labadie,2000,EUR,"6,402",
744,Approved,Closed,25-Mar-21,Bread - Dark Rye,Rice and Sons,100,EUR,"2,813",
745,Approved,Closed,26-Mar-21,Soup - Campbells Tomato Ravioli,Funk Inc,50,EUR,"7,447",
746,Approved,Closed,26-Mar-21,Garam Marsala,Rodriguez-McCullough,7,EUR,"4,324",
747,Approved,Closed,29-Mar-21,Durian Fruit,Hand-Cummerata,40,EUR,"7,446",
748,Approved,Closed,29-Mar-21,Rhubarb,"Moen, Gottlieb and Blanda",5,EUR,"4,988",
749,Approved,Closed,1-Apr-21,Cheese Cloth No 100,Bartell Inc,3,EUR,"4,860",
750,Approved,Closed,3-Apr-21,Multiple,"Emmerich, Upton and McDermott",700,EUR,"5,251",
751,Approved,Closed,4-Apr-21,"Yogurt - Peach, 175 Gr","Langworth, Kreiger and Hilpert",66,EUR,"1,139",
752,Approved,Closed,5-Apr-21,Yeast Dry - Fermipan,"Aufderhar, Streich and Lynch",5,EUR,"2,764",
753,Approved,Closed,6-Apr-21,Miso - Soy Bean Paste,Farrell and Sons,6,EUR,"1,823",
754,Approved,Closed,6-Apr-21,"Mushroom - Morels, Dry",Hane-Jenkins,2,EUR,"3,899",
755,Approved,Closed,8-Apr-21,Spinach - Frozen,Bechtelar LLC,54.5,EUR,"6,920",
756,Approved,Closed,8-Apr-21,Marjoram - Fresh,"Emmerich, Upton and McDermott",5,EUR,"1,426",
757,Approved,Closed,9-Apr-21,Multiple,Jacobs LLC,5,EUR,"1,062",
758,Approved,Closed,11-Apr-21,"Pasta - Tortellini, Fresh","Jerde, Kshlerin and Goldner",50,EUR,"5,020",
759,Approved,Closed,11-Apr-21,Shark - Loin,"Gulgowski, Borer and Koelpin",250,EUR,"1,010",
760,Approved,Closed,12-Apr-21,"Bread - Rolls, Corn",Jacobs LLC,200,EUR,"2,060",
761,Approved,Closed,13-Apr-21,Bread - Petit Baguette,Padberg-Towne,2,EUR,"1,279",
762,Approved,Closed,14-Apr-21,Boogies,Padberg-Rice,158,EUR,"1,036",
763,Approved,Closed,15-Apr-21,Sugar - White Packet,Tillman and Sons,6,EUR,"6,819",
764,Approved,Closed,16-Apr-21,Butter Balls Salted,Dickens-Dare,10,EUR,"1,150",
765,Approved,Closed,19-Apr-21,Sobe - Berry Energy,"Moen, Gottlieb and Blanda",150,EUR,"4,779",
766,Approved,Closed,19-Apr-21,Ice Cream Bar - Drumstick,Wehner-Kessler,8,EUR,"2,185",
767,Approved,Closed,19-Apr-21,Multiple,Wuckert LLC,10,EUR,"3,089",
768,Approved,Closed,21-Apr-21,Sambuca Cream,Jacobs LLC,2,EUR,"5,569",
769,Approved,Closed,22-Apr-21,Multiple,Thiel-Labadie,100,EUR,393,
770,Approved,Closed,25-Apr-21,Cake - Night And Day Choclate,"Gulgowski, Borer and Koelpin",1,EUR,"1,240",
771,Approved,Closed,26-Apr-21,Jameson - Irish Whiskey,Upton-Kunde,30,EUR,"2,189",
772,Approved,Closed,27-Apr-21,Lid Coffeecup 12oz D9542b,Hand-Cummerata,20,EUR,"5,407",
773,Approved,Closed,28-Apr-21,Lady Fingers,Reichert-McGlynn,50,EUR,"7,053",
774,Approved,Closed,28-Apr-21,Cheese - Brick With Pepper,Ortiz Inc,2,EUR,58,
775,Approved,Closed,29-Apr-21,Oil - Pumpkinseed,Farrell and Sons,1000,EUR,"1,048",
776,Approved,Closed,30-Apr-21,"Pork - Bacon, Sliced",Marquardt-Kovacek,3,EUR,"2,139",
777,Approved,Closed,1-May-21,Sugar - Individual Portions,Upton-Kunde,5,EUR,"6,949",
778,Approved,Closed,1-May-21,Flower - Dish Garden,"Moen, Strosin and Greenholt",30,EUR,"6,213",
779,Approved,Closed,4-May-21,Foam Espresso Cup Plain White,"Jerde, Kshlerin and Goldner",7,EUR,"5,623",
780,Approved,Closed,8-May-21,"Liners - Banana, Paper",Watsica-Hirthe,9,EUR,"4,867",
781,Approved,Closed,8-May-21,Cheese - Colby,Nader and Sons,6,EUR,"7,458",
782,Approved,Closed,9-May-21,Sea Urchin,Mab Speer,10,EUR,"4,876",
783,Approved,Closed,11-May-21,Soup - Campbells Chili,Bechtelar LLC,10000,EUR,"6,817",
784,Approved,Closed,11-May-21,Puff Pastry - Slab,"Langworth, Kreiger and Hilpert",250,EUR,"2,106",
785,Approved,Closed,14-May-21,Multiple,Metz-Boehm,200,EUR,"3,425",
786,Approved,Closed,15-May-21,External Supplier,Mab Speer,5,EUR,"4,430",
787,Approved,Closed,15-May-21,Juice - Orange,Bechtelar LLC,9,EUR,"5,932",
788,Approved,Closed,16-May-21,Multiple,Mab Speer,5,EUR,"4,387",
789,Approved,Closed,16-May-21,Bandage - Flexible Neon,Gaylord-Bernhard,400,EUR,"2,620",
790,Approved,Closed,17-May-21,"Sugar - Sweet N Low, Individual","Gulgowski, Borer and Koelpin",5,EUR,"5,640",
791,Approved,Closed,17-May-21,Carbonated Water - Blackcherry,"Wisoky, Brakus and Wilkinson",25,EUR,"4,194",
792,Approved,Closed,18-May-21,Pork - Smoked Back Bacon,Metz-Boehm,10,EUR,"1,242",
793,Approved,Closed,18-May-21,Trueblue - Blueberry Cranberry,Padberg-Rice,9,EUR,"3,845",
794,Approved,Closed,19-May-21,Longos - Lasagna Beef,"Moen, Stark and Kuphal",30,EUR,"3,184",
795,Approved,Closed,19-May-21,Trueblue - Blueberry 12x473ml,Marquardt-Kovacek,1,EUR,"2,814",
796,Approved,Closed,19-May-21,Cassis,"Moen, Strosin and Greenholt",20,EUR,691,
797,Approved,Closed,21-May-21,Pasta - Angel Hair,Stroman-Abbott,30,EUR,"7,876",
798,Approved,Closed,22-May-21,Milk - Condensed,Tillman and Sons,5000,EUR,"6,788",
799,Approved,Closed,23-May-21,Multiple,Funk Inc,2089.8,EUR,"1,699",
800,Approved,Closed,24-May-21,Muffin Puck Ww Carrot,Rodriguez-McCullough,10,EUR,"4,354",
801,Approved,Closed,24-May-21,Muffin Carrot - Individual,Dickens-Dare,6,EUR,"2,033",
802,Approved,Closed,25-May-21,Bread - Triangle White,Marquardt-Kovacek,5,EUR,"7,136",
803,Approved,Closed,25-May-21,Wild Boar - Tenderloin,Bechtelar LLC,3,EUR,"5,301",
804,Approved,Closed,27-May-21,Pepper - Roasted Red,Schuster Group,83,EUR,"3,062",
805,Approved,Closed,28-May-21,Sauce - Rosee,Ortiz Inc,44,EUR,"1,365",
806,Approved,Closed,30-May-21,"Veal - Brisket, Provimi, Bone - In",Bechtelar LLC,10,EUR,"3,395",
807,Approved,Closed,31-May-21,Bread - Italian Sesame Poly,"Gulgowski, Borer and Koelpin",863,EUR,"5,519",
808,Approved,Closed,31-May-21,Multiple,Watsica-Hirthe,1,EUR,"3,390",
809,Approved,Closed,31-May-21,Multiple,"Gulgowski, Borer and Koelpin",35,EUR,"4,487",
810,Approved,Closed,1-Jun-21,Tomatoes Tear Drop Yellow,Funk Inc,7,EUR,"3,264",
811,Approved,Closed,4-Jun-21,"Pasta - Fettuccine, Egg, Fresh",Schuster Group,15,EUR,"6,768",
812,Approved,Closed,5-Jun-21,Table Cloth 62x114 Colour,Wehner-Kessler,2,EUR,"2,718",
813,Approved,Closed,8-Jun-21,Ecolab Crystal Fusion,Ullrich-Emard,2,EUR,"7,463",
814,Approved,Closed,10-Jun-21,Lettuce - Sea / Sea Asparagus,"Moen, Gottlieb and Blanda",5,EUR,"5,741",
815,Approved,Closed,12-Jun-21,Pasta - Fusili Tri - Coloured,Gaylord-Bernhard,7.5,EUR,"2,295",
816,Approved,Closed,13-Jun-21,Puree - Mango,"Greenholt, Cronin and Deckow",300,EUR,"4,515",
817,Approved,Closed,14-Jun-21,Crackers - Graham,"Moen, Stark and Kuphal",4,EUR,102,
818,Approved,Closed,14-Jun-21,"Beef - Baby, Liver",Bechtelar LLC,4,EUR,"6,680",
819,Approved,Closed,14-Jun-21,Raisin - Dark,Thiel-Labadie,20,EUR,"3,023",
820,Approved,Closed,15-Jun-21,Cabbage - Red,Funk Inc,370,EUR,"6,772",
821,Approved,Closed,15-Jun-21,Muffin Chocolate Individual Wrap,Bartell Inc,10,EUR,"7,328",
822,Approved,Closed,18-Jun-21,Cranberries - Fresh,"Moen, Strosin and Greenholt",1.6,EUR,"5,834",
823,Approved,Closed,20-Jun-21,Juice - Lemon,Hand-Cummerata,5,EUR,88,
824,Approved,Closed,20-Jun-21,Pork - Liver,Metz-Boehm,5,EUR,308,
825,Approved,Closed,20-Jun-21,Appetizer - Veg Assortment,Bartell Inc,10,EUR,"6,324",
826,Approved,Closed,21-Jun-21,"Pork - Back, Short Cut, Boneless",Funk Inc,18,EUR,"2,689",
827,Approved,Closed,21-Jun-21,Sugar - Fine,Marquardt-Kovacek,1,EUR,"7,845",
828,Approved,Closed,22-Jun-21,Bacon Strip Precooked,Rodriguez-McCullough,5,EUR,"6,494",
829,Approved,Closed,23-Jun-21,Cake - Cheese Cake 9 Inch,Tillman and Sons,5,EUR,499,
830,Approved,Closed,23-Jun-21,Bread - Pumpernickel,"Moen, Stark and Kuphal",10,EUR,"2,891",
831,Approved,Closed,25-Jun-21,Ecolab - Solid Fusion,"Gulgowski, Borer and Koelpin",20,EUR,"6,499",
832,Approved,Closed,29-Jun-21,Soup Campbells - Tomato Bisque,Mills-Smith,20,EUR,"3,937",
833,Approved,Closed,3-Jul-21,Multiple,Wuckert LLC,50,EUR,"7,223",
834,Approved,Closed,8-Jul-21,"Sole - Dover, Whole, Fresh",Farrell and Sons,6,EUR,64,
835,Approved,Closed,8-Jul-21,Mix Pina Colada,Schuster Group,4,EUR,"1,053",
836,Approved,Closed,10-Jul-21,Chocolate Eclairs,Katrina Fells,7.5,EUR,"7,922",
837,Approved,Closed,10-Jul-21,Higashimaru Usukuchi Soy,Tillman and Sons,30,EUR,"1,014",
838,Approved,Closed,11-Jul-21,"Pasta - Lasagna Noodle, Frozen","Jerde, Kshlerin and Goldner",50,EUR,"7,797",
839,Approved,Closed,11-Jul-21,Currants,"Moen, Stark and Kuphal",6,EUR,"1,950",
840,Approved,Closed,11-Jul-21,Energy - Boo - Koo,"Emmerich, Upton and McDermott",150,EUR,"4,045",
841,Approved,Closed,13-Jul-21,Bread - Petit Baguette,Funk Inc,85,EUR,"1,388",
842,Approved,Closed,13-Jul-21,Bar Mix - Lime,"Wisoky, Brakus and Wilkinson",5,EUR,"1,681",
843,Approved,Closed,14-Jul-21,Multiple,Metz-Boehm,11,EUR,"4,746",
844,Approved,Closed,18-Jul-21,Pepper - Scotch Bonnet,Wehner-Kessler,8,EUR,"2,162",
845,Approved,Closed,18-Jul-21,"Juice - Tomato, 48 Oz","Wisoky, Brakus and Wilkinson",9,EUR,"1,554",
846,Approved,Closed,19-Jul-21,Multiple,Padberg-Towne,1,EUR,"2,965",
847,Approved,Closed,19-Jul-21,Potatoes - Idaho 80 Count,Thiel-Labadie,3,EUR,765,
848,Approved,Closed,20-Jul-21,"Chicken - Leg, Boneless",Mills-Smith,1,EUR,"4,593",
849,Approved,Closed,21-Jul-21,Multiple,Wuckert LLC,112,EUR,582,
850,Approved,Closed,24-Jul-21,Grapefruit - White,Padberg-Rice,11,EUR,"7,691",
851,Approved,Closed,25-Jul-21,Chips Potato All Dressed - 43g,Hand-Cummerata,55,EUR,"7,680",
852,Approved,Closed,26-Jul-21,"Pepper - Red, Finger Hot","Moen, Stark and Kuphal",60,EUR,"3,286",
853,Approved,Closed,27-Jul-21,"Bread - Crumbs, Bulk","Greenholt, Cronin and Deckow",1100,EUR,"5,798",
854,Approved,Closed,29-Jul-21,"Chilli Paste, Hot Sambal Oelek",Metz-Boehm,100,EUR,"4,731",
855,Approved,Closed,29-Jul-21,Pumpkin,"Aufderhar, Streich and Lynch",1,EUR,"2,583",
856,Approved,Closed,30-Jul-21,Apple - Granny Smith,"Jerde, Kshlerin and Goldner",8,EUR,"1,556",
857,Approved,Closed,1-Aug-21,Soup - French Can Pea,Funk Inc,2,EUR,"7,381",
858,Approved,Closed,3-Aug-21,Multiple,"Greenholt, Cronin and Deckow",1,EUR,857,
859,Approved,Closed,3-Aug-21,Coffee - Decaffeinato Coffee,Rice and Sons,500,EUR,"5,509",
860,Approved,Closed,3-Aug-21,Cheese - Goat With Herbs,Watsica-Hirthe,10,EUR,"4,983",
861,Approved,Closed,5-Aug-21,Multiple,"Greenholt, Cronin and Deckow",3,EUR,"3,194",
862,Approved,Closed,5-Aug-21,Madeira,Gaylord-Bernhard,15,EUR,543,
863,Approved,Closed,6-Aug-21,Blouse / Shirt / Sweater,Ullrich-Emard,2,EUR,"5,968",
864,Approved,Closed,6-Aug-21,Appetizer - Sausage Rolls,Marquardt-Kovacek,200,EUR,"6,473",
865,Approved,Closed,8-Aug-21,"Fish - Halibut, Cold Smoked",Hand-Cummerata,100,EUR,336,
866,Approved,Closed,8-Aug-21,"C - Plus, Orange","Langworth, Kreiger and Hilpert",150,EUR,"6,185",
867,Approved,Closed,11-Aug-21,Pomello,"Greenholt, Cronin and Deckow",90,EUR,836,
868,Approved,Closed,12-Aug-21,Bread - Raisin Walnut Pull,Watsica-Hirthe,320,EUR,"4,476",
869,Approved,Closed,13-Aug-21,Garam Masala Powder,Schuster Group,100,EUR,"2,946",
870,Approved,Closed,14-Aug-21,Syrup - Pancake,Nader and Sons,3,EUR,"5,086",
871,Approved,Closed,14-Aug-21,Bay Leaf Ground,Hane-Jenkins,2,EUR,"3,265",
872,Approved,Closed,15-Aug-21,"Vinegar - Balsamic, White",Wehner-Kessler,16,EUR,"5,553",
873,Approved,Closed,16-Aug-21,"Soda Water - Club Soda, 355 Ml","Moen, Stark and Kuphal",1,EUR,"5,669",
874,Approved,Closed,16-Aug-21,"Pail - 4l White, With Handle",Tillman and Sons,40,EUR,"4,687",
875,Approved,Closed,18-Aug-21,Soup - Base Broth Beef,Upton-Kunde,162,EUR,"7,089",
876,Approved,Closed,21-Aug-21,"Pepper - Julienne, Frozen",Hand-Cummerata,50,EUR,"6,322",
877,Approved,Closed,21-Aug-21,Longos - Chicken Caeser Salad,"Emmerich, Upton and McDermott",3300,EUR,"4,384",
878,Approved,Closed,21-Aug-21,Bagel - Sesame Seed Presliced,Rice and Sons,5,EUR,"2,104",
879,Approved,Closed,21-Aug-21,Corn Kernels - Frozen,Quillan Wilkin,1000,EUR,"1,028",
880,Approved,Closed,23-Aug-21,Capers - Ox Eye Daisy,Funk Inc,5,EUR,"3,424",
881,Approved,Closed,24-Aug-21,"Extract - Vanilla,artificial","Gulgowski, Borer and Koelpin",54.5,EUR,"4,122",
882,Approved,Closed,25-Aug-21,Orange Roughy 4/6 Oz,Gaylord-Bernhard,5,EUR,"4,102",
883,Approved,Closed,26-Aug-21,"Pork - Loin, Boneless",Dickens-Dare,12,EUR,"3,431",
884,Approved,Closed,27-Aug-21,Crackers - Soda / Saltins,Schuster Group,420,EUR,"7,369",
885,Approved,Closed,29-Aug-21,Pastry - Butterscotch Baked,Upton-Kunde,2.614,EUR,"1,831",
886,Approved,Closed,30-Aug-21,Multiple,Padberg-Rice,20,EUR,"4,955",
887,Approved,Closed,2-Sep-21,Leeks - Large,Metz-Boehm,20,EUR,"6,922",
888,Approved,Closed,2-Sep-21,Roe - Flying Fish,McGlynn-Smitham,10,EUR,"7,030",
889,Approved,Closed,8-Sep-21,Sausage - Meat,Thiel-Labadie,5,EUR,"2,886",
890,Approved,Closed,8-Sep-21,Juice - V8 Splash,Tillman and Sons,200,EUR,"5,732",
891,Approved,Closed,9-Sep-21,Rye Special Old,Gaylord-Bernhard,100,EUR,"4,848",
892,Approved,Closed,10-Sep-21,Jolt Cola - Electric Blue,"Jerde, Kshlerin and Goldner",600,EUR,358,
893,Approved,Closed,10-Sep-21,Juice Peach Nectar,Mills-Smith,10,EUR,"2,263",
894,Approved,Closed,11-Sep-21,"Cherries - Bing, Canned",Hane-Jenkins,20,EUR,"6,410",
895,Approved,Closed,12-Sep-21,Pears - Anjou,Thiel-Labadie,86,EUR,"6,879",
896,Approved,Closed,13-Sep-21,Cheese - Swiss Sliced,Watsica-Hirthe,100,EUR,"7,980",
897,Approved,Closed,15-Sep-21,Milk 2% 500 Ml,"Emmerich, Upton and McDermott",1,EUR,"4,712",
898,Approved,Closed,15-Sep-21,Butter Balls Salted,Stroman-Abbott,20,EUR,"1,426",
899,Approved,Closed,15-Sep-21,Yukon Jack,"Aufderhar, Streich and Lynch",8,EUR,"3,155",
900,Approved,Closed,16-Sep-21,Garbage Bag - Clear,Rice and Sons,40,EUR,"5,332",
901,Approved,Closed,18-Sep-21,Multiple,"Moen, Gottlieb and Blanda",5,EUR,"1,379",
902,Approved,Closed,20-Sep-21,Bagel - 12 Grain Preslice,Ullrich-Emard,9,EUR,"5,247",
903,Approved,Closed,24-Sep-21,"Yogurt - Raspberry, 175 Gr",Katrina Fells,5,EUR,"7,806",
904,Approved,Closed,25-Sep-21,Flavouring Vanilla Artificial,Bechtelar LLC,100,EUR,"3,222",
905,Approved,Closed,27-Sep-21,Jack Daniels,"Wisoky, Brakus and Wilkinson",10,EUR,"7,412",
906,Approved,Closed,27-Sep-21,The Pop Shoppe - Grape,"Wisoky, Brakus and Wilkinson",10,EUR,"4,956",
907,Approved,Closed,28-Sep-21,Water - Tonic,Rodriguez-McCullough,1,EUR,"4,533",
908,Approved,Closed,29-Sep-21,Soupfoamcont12oz 112con,Gaylord-Bernhard,5,EUR,"3,484",
909,Approved,Closed,30-Sep-21,Icecream - Dibs,Watsica-Hirthe,1,EUR,"4,275",
910,Approved,Closed,30-Sep-21,"Cake Circle, Paprus",Wehner-Kessler,9,EUR,879,
911,Approved,Closed,1-Oct-21,Potatoes - Peeled,Farrell and Sons,1,EUR,599,
912,Approved,Closed,1-Oct-21,Coffee - Hazelnut Cream,Reichert-McGlynn,7.5,EUR,"1,381",
913,Approved,Closed,2-Oct-21,Ice Cream - Fudge Bars,Thiel-Labadie,1400,EUR,"5,177",
914,Approved,Closed,2-Oct-21,"Bread - Pullman, Sliced","Moen, Strosin and Greenholt",100,EUR,"6,673",
915,Approved,Closed,4-Oct-21,Rice - Basmati,"Langworth, Kreiger and Hilpert",6,EUR,"5,133",
916,Approved,Closed,5-Oct-21,Corn Kernels - Frozen,Metz-Boehm,4,EUR,"3,428",
917,Approved,Closed,5-Oct-21,Squid - Breaded,Nader and Sons,5,EUR,"4,782",
918,Approved,Closed,6-Oct-21,Blueberries - Frozen,Metz-Boehm,900,EUR,"2,932",
919,Approved,Closed,6-Oct-21,Chinese Foods - Chicken Wing,"Greenholt, Cronin and Deckow",6,EUR,"7,038",
920,Approved,Closed,6-Oct-21,Towel - Roll White,"Eichmann, Fahey and Brakus",2,EUR,609,
921,Approved,Closed,9-Oct-21,Curry Powder Madras,Farrell and Sons,30,EUR,"3,075",
922,Approved,Closed,10-Oct-21,Lady Fingers,Mills-Smith,9,EUR,"4,206",
923,Approved,Closed,10-Oct-21,"Turkey - Whole, Fresh",Dickens-Dare,500,EUR,"7,693",
924,Approved,Closed,12-Oct-21,Bread - Dark Rye,Ullrich-Emard,2,EUR,"1,524",
925,Approved,Closed,12-Oct-21,Teriyaki Sauce,Bartell Inc,50,EUR,"4,330",
926,Approved,Closed,12-Oct-21,Soup - Base Broth Beef,Metz-Boehm,25,EUR,"4,406",
927,Approved,Closed,13-Oct-21,Multiple,Stroman-Abbott,50,EUR,"2,921",
928,Approved,Closed,13-Oct-21,"Cup - 3.5oz, Foam",Gaylord-Bernhard,10,EUR,"6,904",
929,Approved,Closed,13-Oct-21,Kellogs All Bran Bars,Wuckert LLC,2,EUR,"4,766",
930,Approved,Closed,13-Oct-21,"Iced Tea - Lemon, 340ml","Moen, Strosin and Greenholt",2.5,EUR,111,
931,Approved,Closed,16-Oct-21,Milk - 2% 250 Ml,Zulauf Inc,3,EUR,"7,709",
932,Approved,Closed,16-Oct-21,Mushroom Morel Fresh,"Gulgowski, Borer and Koelpin",5,EUR,"6,798",
933,Approved,Closed,17-Oct-21,Multiple,Marquardt-Kovacek,500,EUR,866,
934,Approved,Closed,19-Oct-21,Plastic Wrap,"Moen, Gottlieb and Blanda",20,EUR,"6,192",
935,Approved,Closed,20-Oct-21,Cocoa Powder - Natural,Metz-Boehm,5,EUR,"4,298",
936,Approved,Closed,22-Oct-21,Apple - Northern Spy,"Aufderhar, Streich and Lynch",1,EUR,"1,360",
937,Approved,Closed,23-Oct-21,Cabbage - Green,"Eichmann, Fahey and Brakus",4,EUR,"3,182",
938,Approved,Closed,23-Oct-21,Pepper - Red Chili,Jacobs LLC,1,EUR,"3,298",
939,Approved,Closed,25-Oct-21,Appetizer - Tarragon Chicken,Dickens-Dare,300,EUR,"7,909",
940,Approved,Closed,25-Oct-21,Tomatoes Tear Drop,"Emmerich, Upton and McDermott",300,EUR,"6,023",
941,Approved,Closed,26-Oct-21,Rice - Aborio,Schuster Group,2,EUR,"2,163",
942,Approved,Closed,26-Oct-21,"Pork - Sausage, Medium","Wisoky, Brakus and Wilkinson",50,EUR,"2,447",
943,Approved,Closed,27-Oct-21,V8 - Vegetable Cocktail,Ullrich-Emard,1000,EUR,"4,327",
944,Approved,Closed,28-Oct-21,Kolrabi,Hane-Jenkins,25,EUR,780,
945,Approved,Closed,28-Oct-21,Pepper - Green Thai,"Wisoky, Brakus and Wilkinson",3,EUR,"4,697",
946,Approved,Closed,29-Oct-21,Soup Knorr Chili With Beans,"Eichmann, Fahey and Brakus",100,EUR,"6,833",
947,Approved,Closed,29-Oct-21,Sausage - Chorizo,Upton-Kunde,9,EUR,"4,961",
948,Approved,Closed,30-Oct-21,Cranberries - Fresh,Rice and Sons,38,EUR,"4,662",
949,Approved,Closed,31-Oct-21,Clam Nectar,Upton-Kunde,2,EUR,"2,074",
950,Approved,Closed,31-Oct-21,Crackers - Soda / Saltins,Reichert-McGlynn,100,EUR,"6,394",
951,Approved,Closed,1-Nov-21,Bread - Flat Bread,Ortiz Inc,1,EUR,"7,228",
952,Approved,Closed,1-Nov-21,"Arctic Char - Fresh, Whole",Dickens-Dare,10,EUR,"2,483",
953,Approved,Closed,2-Nov-21,Spice - Pepper Portions,Bechtelar LLC,2,EUR,"4,923",
954,Approved,Closed,2-Nov-21,Coffee - French Vanilla Frothy,Funk Inc,5,EUR,"5,523",
955,Approved,Closed,5-Nov-21,Cakes Assorted,Turcotte Group,70,EUR,"2,902",
956,Approved,Closed,6-Nov-21,Beef - Diced,Katrina Fells,1600,EUR,"2,906",
957,Approved,Closed,6-Nov-21,Multiple,"Jerde, Kshlerin and Goldner",30,EUR,"2,149",
958,Approved,Closed,9-Nov-21,Chicken - Ground,Turcotte Group,100,EUR,"1,776",
959,Approved,Closed,10-Nov-21,Guava,"Moen, Stark and Kuphal",2,EUR,572,
960,Approved,Closed,10-Nov-21,Multiple,"Gulgowski, Borer and Koelpin",3,EUR,"7,964",
961,Approved,Closed,10-Nov-21,Pork Casing,Ortiz Inc,20,EUR,"6,890",
962,Approved,Closed,11-Nov-21,Beef - Ground Lean Fresh,Padberg-Rice,6,EUR,286,
963,Approved,Closed,12-Nov-21,Squash - Butternut,Gaylord-Bernhard,20,EUR,"4,592",
964,Approved,Closed,13-Nov-21,Lamb - Loin Chops,"Emmerich, Upton and McDermott",20,EUR,"2,875",
965,Approved,Closed,13-Nov-21,Chicken - Whole,Hand-Cummerata,5,EUR,"3,754",
966,Approved,Closed,13-Nov-21,Mangoes,Hane-Jenkins,6,EUR,"7,119",
967,Approved,Closed,15-Nov-21,Steampan - Lid For Half Size,Hane-Jenkins,10,EUR,"5,506",
968,Approved,Closed,18-Nov-21,Quinoa,"Jerde, Kshlerin and Goldner",5,EUR,"4,249",
969,Approved,Closed,19-Nov-21,Mustard Prepared,"Greenholt, Cronin and Deckow",20,EUR,143,
970,Approved,Closed,20-Nov-21,Pasta - Angel Hair,Watsica-Hirthe,100,EUR,"7,289",
971,Approved,Closed,21-Nov-21,Soup - Chicken And Wild Rice,Wehner-Kessler,7.5,EUR,"3,062",
972,Approved,Closed,22-Nov-21,Spice - Chili Powder Mexican,Jacobs LLC,60,EUR,"6,904",
973,Approved,Closed,23-Nov-21,Lamb - Shoulder,Gaylord-Bernhard,2,EUR,"4,783",
974,Approved,Closed,25-Nov-21,Soup - Cream Of Potato / Leek,"Aufderhar, Streich and Lynch",5,EUR,"2,281",
975,Approved,Closed,26-Nov-21,Crab Brie In Phyllo,Thiel-Labadie,30,EUR,"5,348",
976,Approved,Closed,27-Nov-21,Arizona - Plum Green Tea,Stroman-Abbott,80,EUR,"1,382",
977,Approved,Closed,28-Nov-21,Truffle Cups Green,Padberg-Towne,7.5,EUR,"1,627",
978,Approved,Closed,28-Nov-21,Multiple,Padberg-Towne,10,EUR,"5,862",
979,Approved,Closed,29-Nov-21,Truffle Shells - White Chocolate,Reichert-McGlynn,4,EUR,"5,519",
980,Approved,Closed,1-Dec-21,"Pasta - Penne, Lisce, Dry",Reichert-McGlynn,1,EUR,"5,014",
981,Approved,Closed,2-Dec-21,Thermometer Digital,Bechtelar LLC,50,EUR,824,
982,Approved,Closed,3-Dec-21,Flour - So Mix Cake White,Marquardt-Kovacek,10,EUR,"1,151",
983,Approved,Closed,3-Dec-21,Cheese - Le Cru Du Clocher,Rice and Sons,2.5,EUR,"2,250",
984,Approved,Closed,7-Dec-21,Bread - Ciabatta Buns,"Wisoky, Brakus and Wilkinson",100,EUR,"6,924",
985,Approved,Closed,7-Dec-21,Sauce - Hp,Padberg-Towne,5,EUR,"3,809",
986,Approved,Closed,8-Dec-21,Beef - Short Ribs,Mills-Smith,2,EUR,"6,531",
987,Approved,Closed,14-Dec-21,Multiple,Hane-Jenkins,5,EUR,"7,931",
988,Approved,Closed,17-Dec-21,Corn Kernels - Frozen,Padberg-Rice,550,EUR,"6,249",
989,Approved,Closed,18-Dec-21,Rabbit - Saddles,Farrell and Sons,1,EUR,"7,065",
990,Approved,Closed,20-Dec-21,Arizona - Plum Green Tea,Rodriguez-McCullough,6,EUR,"2,757",
991,Approved,Closed,20-Dec-21,Chocolate Bar - Reese Pieces,Marquardt-Kovacek,2,EUR,"7,979",
992,Approved,Closed,20-Dec-21,"Mushrooms - Black, Dried","Langworth, Kreiger and Hilpert",80,EUR,"7,351",
993,Approved,Closed,22-Dec-21,"Mushrooms - Black, Dried",Mab Speer,100,EUR,"1,672",
994,Approved,Closed,24-Dec-21,Broom - Push,"Emmerich, Upton and McDermott",40,EUR,"7,815",
995,Approved,Closed,24-Dec-21,Pork - Bacon Cooked Slcd,Jacobs LLC,100,EUR,"4,032",
996,Approved,Closed,24-Dec-21,Gelatine Powder,Bechtelar LLC,1,EUR,"1,624",
997,Approved,Closed,25-Dec-21,Sour Puss Sour Apple,Reichert-McGlynn,133,EUR,"7,091",
998,Approved,Closed,26-Dec-21,Table Cloth 54x72 White,"Langworth, Kreiger and Hilpert",2180,EUR,"4,738",
999,Approved,Closed,26-Dec-21,Graham Cracker Mix,Wuckert LLC,1,EUR,"5,803",
1000,Approved,Closed,27-Dec-21,Water - Spring Water 500ml,Rodriguez-McCullough,50,EUR,93,
